activity_id,activity_date,elapsed_time,distance,bike_weight,moving_time,max_speed,avg_speed,elevation_gain,elevation_loss,elevation_low,elevation_high,max_grade,avg_grade,avg_power,calories,perceived_exertion,perceived_relative_effort,weather_observation_time,weather_temperature,apparent_temperature,humidity,weather_pressure,wind_speed,wind_gust,wind_bearing,sunrise_time,sunset_time,act_name_len,has_description,simple_exertion
2975587283,2020-01-02 14:02:58,1642,8.49,15.8757,1411,9.0,6.023033142,19.55750084,,220.1999969,231.5,5.300000191,-0.005883391,,,7.0,45.0,,,,,,,,,,,25,True,HARD
2992935347,2020-01-08 13:20:26,1728,8.42,15.8757,1472,14.19999981,5.7254076,46.30178452,,217.8999939,242.8000031,5.300000191,0.224257812,,,,,,,,,,,,,,,18,True,
2994399692,2020-01-08 22:08:17,1608,8.52,15.8757,1481,11.39999962,5.756245613,26.52630997,,217.8999939,242.8999939,16.70000076,-0.218181819,,,,,,,,,,,,,,,19,True,
3248077156,2020-04-02 21:38:02,5143,10.36,15.8757,2544,13.39999962,4.074764252,72.45040894,55.75040054,241.5,277.1000061,32.09999847,0.161100507,,,5.0,45.0,,,,,,,,,,,27,False,NORMAL
3255473930,2020-04-04 17:23:43,9348,34.95,15.8757,6356,14.39999962,5.498945713,105.7043686,106.1039963,263.2000122,306.0,27.89999962,-0.00114445,,,5.0,114.0,,,,,,,,,,,21,True,NORMAL
3286667096,2020-04-11 21:08:20,4558,18.16,15.8757,3904,11.69999981,4.651741982,75.83333588,75.83329773,242.1000061,277.8999939,22.10000038,0.0,,,3.0,32.0,,,,,,,,,,,31,True,EASY
3290080609,2020-04-12 14:28:14,7406,14.37,15.8757,3380,8.699999809,4.251360893,66.49954224,66.49949646,242.1999969,269.5,12.39999962,0.0,,,3.0,28.0,,,,,,,,,,,30,True,EASY
3294902966,2020-04-13 18:10:15,2600,7.77,15.8757,1799,10.60000038,4.32395792,65.0258255,65.02580261,237.1000061,270.2999878,15.69999981,0.0,,,7.0,57.0,,,,,,,,,,,28,True,HARD
3299844988,2020-04-14 21:25:18,2623,11.52,15.8757,2128,11.80000019,5.415272713,43.47553253,43.87549973,242.1999969,269.7999878,10.69999981,-0.003471107,,,6.0,56.0,,,,,,,,,,,10,False,NORMAL
3309212141,2020-04-16 20:30:48,2289,11.56,15.8757,2122,10.30000019,5.450612545,45.13260651,45.13259888,242.3000031,269.3999939,18.89999962,0.0,,,,,,,,,,,,,,,17,False,
3311386012,2020-04-17 11:57:02,3028,11.22,15.8757,2323,9.600000381,4.831295967,41.29494476,41.29489899,242.1000061,269.3999939,11.10000038,0.0,,,6.0,61.0,,,,,,,,,,,18,True,NORMAL
3318357988,2020-04-18 20:01:32,4413,17.5,15.8757,3733,9.899999619,4.690008163,15.14982605,15.34980011,276.2000122,283.5,4.0,-0.001142348,,,4.0,41.0,,,,,,,,,,,19,True,EASY
3323709534,2020-04-19 18:50:31,5267,24.41,15.8757,4588,10.5,5.322166443,86.34075165,86.34079742,244.6999969,277.8999939,7.199999809,0.0,,,7.0,146.0,,,,,,,,,,,23,False,HARD
3328174429,2020-04-20 19:50:55,5700,28.66,15.8757,4495,10.19999981,6.377908707,95.3977356,95.59770203,215.0,231.0,9.699999809,-0.000697625,,,7.0,143.0,,,,,,,,,,,22,True,HARD
3338503991,2020-04-22 22:02:08,2877,14.41,15.8757,2661,11.5,5.41762495,54.37619019,54.37620163,242.3000031,274.1000061,23.29999924,0.0,,,6.0,70.0,,,,,,,,,,,31,True,NORMAL
3343171778,2020-04-23 20:52:31,41,0.04,15.8757,31,4.900000095,1.429032207,,0.0,269.7999878,269.7999878,0.0,0.0,,,,,,,,,,,,,,,31,True,
3353198447,2020-04-25 19:33:11,8197,0.27,15.8757,96,5.400000095,2.844791651,,-1.0,266.2999878,271.1000061,15.89999962,0.366166234,,,5.0,1.0,,,,,,,,,,,23,True,NORMAL
3367098479,2020-04-27 20:13:41,2779,0.32,15.8757,20,0.100000001,16.125,,0.0,269.7999878,269.7999878,0.0,0.0,0.0,0.0,,,,,,,,,,,,,21,False,
3367398159,2020-04-28 17:54:44,3119,13.96,15.8757,2743,11.5,5.091432571,52.56885529,52.76890182,242.1999969,269.3999939,35.70000076,-0.00143207,95.97492981,293.5339661,,,,,,,,,,,,,14,False,
3371564928,2020-04-29 16:17:33,2832,13.87,15.8757,2610,9.300000191,5.31455946,53.47972107,53.57970047,242.1999969,269.5,23.89999962,-0.000720929,92.59281158,269.4589233,,,,,,,,,,,,,10,False,
3381861723,2020-05-01 20:07:49,2923,13.98,15.8757,2657,12.39999962,5.263981819,53.3515892,53.35160065,242.1000061,269.3999939,17.5,0.0,90.59703064,268.3985901,5.0,47.0,,,,,,,,,,,10,False,NORMAL
3387969771,2020-05-02 19:24:07,11064,56.57,15.8757,10006,11.19999981,5.654087543,69.87750244,69.87750244,194.0,243.8000031,19.5,0.0,83.1822052,928.0380249,8.0,430.0,,,,,,,,,,,26,True,HARD
3392547429,2020-05-03 16:00:10,3043,13.94,15.8757,2630,9.600000381,5.302395344,53.46356964,53.2635994,242.3000031,269.3999939,49.20000076,0.001434175,89.10372925,261.2921448,7.0,84.0,,,,,,,,,,,23,True,HARD
3403711514,2020-05-05 17:36:52,5287,13.93,15.8757,2858,8.600000381,4.873932838,34.42618942,34.42620087,244.6999969,269.3999939,4.699999809,0.0,81.08757782,258.3994141,5.0,51.0,,,,,,,,,,,18,False,NORMAL
3409562162,2020-05-06 16:08:31,9981,35.46,15.8757,7023,13.60000038,5.050149441,125.6317291,125.8320007,245.0,281.8999939,15.89999962,-0.000563901,93.54187012,732.4934082,8.0,302.0,,,,,,,,,,,31,True,HARD
3413829516,2020-05-07 14:08:45,7584,39.4,15.8757,6359,12.69999981,6.196100235,78.25357056,78.1536026,254.8000031,318.7000122,5.599999905,0.000253801,83.45313263,591.7062378,5.0,114.0,,,,,,,,,,,26,False,NORMAL
3426486852,2020-05-09 19:11:39,2796,13.09,15.8757,2574,9.199999809,5.087917805,41.43781281,41.43780136,244.6999969,269.3999939,6.400000095,0.0,87.16253662,250.1572418,6.0,67.0,,,,,,,,,,,36,False,NORMAL
3429560753,2020-05-10 11:36:47,3365,15.63,15.8757,2873,10.0,5.441385269,62.65007782,62.75009918,245.0,269.5,4.900000095,-0.000639668,85.1725769,272.8414917,5.0,51.0,,,,,,,,,,,18,False,NORMAL
3436691351,2020-05-11 21:50:05,3091,13.35,15.8757,2554,9.800000191,5.228151798,50.44762039,50.84759903,244.6999969,269.7000122,7.400000095,-0.002995649,88.72816467,252.6721802,5.0,46.0,,,,,,,,,,,19,False,NORMAL
3442173104,2020-05-12 22:13:32,4558,23.26,15.8757,4302,11.10000038,5.407275677,90.56047821,90.76049805,245.0,287.6000061,5.900000095,-0.000859768,89.57888031,429.685791,5.0,77.0,,,,,,,,,,,21,False,NORMAL
3447043102,2020-05-13 21:36:38,1920,9.9,15.8757,1707,10.30000019,5.804276466,51.79053116,51.69049835,221.6000061,239.5,12.30000019,0.001009296,96.2776413,183.245636,3.0,14.0,,,,,,,,,,,14,False,EASY
3462186653,2020-05-16 16:35:08,9461,34.68,15.8757,6366,11.69999981,5.447675228,139.1385498,139.6390076,243.8000031,281.8999939,26.0,-0.001441757,95.32161713,676.6013184,5.0,114.0,,,,,,,,,,,23,True,NORMAL
3467007853,2020-05-17 13:52:22,5179,13.13,15.8757,2519,8.699999809,5.215720654,64.88597107,65.08599854,241.3999939,269.3999939,24.39999962,-0.001522255,90.97428131,255.518158,6.0,66.0,,,,,,,,,,,20,False,NORMAL
3479529124,2020-05-19 21:06:24,3155,13.18,15.8757,2829,14.30000019,4.65942049,45.60307693,46.10309982,241.5,269.8999939,31.10000038,-0.003793195,87.70597839,276.6541138,3.0,23.0,2020-05-19 21:00:48,13.39999962,13.39999962,0.939999998,1014.5,5.289999962,9.300000191,95.0,2020-05-19 10:14:24,2020-05-20 00:46:56,35,True,EASY
3485129056,2020-05-20 21:55:15,3151,13.03,15.8757,2619,9.199999809,4.976403236,48.88203049,49.18199921,241.6999969,269.7000122,19.10000038,-0.002301814,88.53040314,258.5251465,5.0,47.0,2020-05-20 21:00:48,11.72000027,11.72000027,0.779999971,1021.799988,4.159999847,8.489999771,94.0,2020-05-20 10:14:24,2020-05-21 00:46:56,10,False,NORMAL
3491112140,2020-05-21 22:17:30,6634,15.6,15.8757,3655,9.899999619,4.270396709,73.06698608,73.16699982,241.3000031,269.8999939,18.79999924,-0.000640685,94.3176651,384.3752747,4.0,40.0,2020-05-21 22:00:32,16.21999931,16.26000023,0.899999976,1018.5,3.940000057,7.739999771,111.0,2020-05-21 10:12:16,2020-05-22 00:46:56,32,False,EASY
3495633786,2020-05-22 22:09:57,2967,13.98,15.8757,2597,12.39999962,5.38301897,59.85612869,59.85609818,241.3999939,269.3999939,22.0,0.0,103.187233,298.7939453,5.0,46.0,2020-05-22 22:00:32,22.03000069,22.03000069,0.660000026,1015.200012,1.289999962,1.830000043,79.0,2020-05-22 10:12:16,2020-05-23 00:49:04,43,False,NORMAL
3505140940,2020-05-24 12:37:45,14222,65.11,15.8757,10259,22.39999962,6.347168446,232.402832,232.4029999,214.6999969,257.7999878,15.69999981,0.0,98.43791962,1126.01001,7.0,327.0,2020-05-24 12:01:04,19.62000084,20.21999931,0.99000001,1017.0,2.329999924,3.940000057,170.0,2020-05-24 10:10:08,2020-05-25 00:51:12,35,True,HARD
3509569681,2020-05-25 12:03:55,12033,50.22,15.8757,8988,11.30000019,5.588117599,172.857193,171.8569946,215.3000031,243.0,7.199999809,0.001991001,72.68257141,728.3973999,8.0,386.0,2020-05-25 11:58:56,21.18000031,21.67000008,0.889999986,1017.900024,1.720000029,3.289999962,149.0,2020-05-25 10:10:08,2020-05-26 00:51:12,15,True,HARD
3514057032,2020-05-26 11:42:20,3133,15.96,15.8757,2923,11.19999981,5.46209383,65.73403931,66.23400116,243.6999969,269.8999939,15.80000019,-0.003131714,94.96324921,309.4988403,3.0,24.0,2020-05-26 10:59:12,19.01000023,19.37999916,0.930000007,1018.5,1.25,2.619999886,141.0,2020-05-26 10:10:08,2020-05-27 00:53:20,28,True,EASY
3528272192,2020-05-28 22:19:33,5072,28.14,15.8757,4580,11.69999981,6.144629002,107.8399963,107.8399963,242.5,290.8999939,42.40000153,0.0,105.2184753,537.3167725,5.0,82.0,2020-05-28 22:00:32,27.38999939,28.01000023,0.529999971,1011.900024,3.819999933,6.289999962,226.0,2020-05-28 10:08:00,2020-05-29 00:53:20,27,False,NORMAL
3533307586,2020-05-30 00:42:07,3684,19.53,15.8757,3439,11.80000019,5.681040764,83.42642212,83.32640076,242.3000031,276.6000061,18.20000076,0.000511847,93.18589783,357.3199463,4.0,38.0,2020-05-30 00:00:00,19.40999985,19.45000076,0.790000021,1014.900024,2.200000048,5.199999809,312.0,2020-05-29 10:08:00,2020-05-30 00:55:28,21,False,EASY
3537801646,2020-05-30 16:57:50,3666,17.45,15.8757,3244,9.100000381,5.379716396,66.22090149,55.1208992,245.0,281.8999939,10.19999981,0.063603751,99.12885284,358.5551758,6.0,85.0,2020-05-30 16:00:00,19.88999939,19.88999939,0.519999981,1018.900024,3.789999962,6.860000134,325.0,2020-05-30 10:08:00,2020-05-31 00:55:28,35,True,NORMAL
3574896451,2020-06-06 22:59:55,4705,23.17,15.8757,4200,12.5,5.517428398,102.6876602,102.8880005,243.6999969,271.2999878,10.10000038,-0.000863066,99.96392059,468.1309509,4.0,46.0,2020-06-06 22:00:32,30.13999939,30.13999939,0.379999995,1013.200012,3.650000095,6.239999771,310.0,2020-06-06 10:05:52,2020-06-07 00:59:44,33,False,EASY
3578546511,2020-06-07 14:23:23,4352,23.29,15.8757,3957,12.80000019,5.888020992,103.2489471,103.7490005,243.6999969,271.3999939,9.899999619,-0.002146024,103.5538864,456.8859558,5.0,71.0,2020-06-07 14:00:32,21.61000061,21.61000061,0.519999981,1018.700012,2.380000114,2.380000114,48.0,2020-06-07 10:05:52,2020-06-08 01:01:52,23,False,NORMAL
3585272060,2020-06-08 22:31:48,3673,19.56,15.8757,3323,12.69999981,5.888082981,79.60097504,80.10099792,243.8000031,269.8999939,8.199999809,-0.00255544,103.8865128,384.9164124,6.0,87.0,2020-06-08 22:00:32,29.13999939,29.13999939,0.310000002,1014.200012,2.190000057,3.069999933,108.0,2020-06-08 10:05:52,2020-06-09 01:01:52,9,False,NORMAL
3595127133,2020-06-10 20:42:55,2784,14.27,15.8757,2503,12.19999981,5.700998783,59.53806305,60.0381012,243.6999969,269.8999939,6.300000191,-0.003503952,101.0652542,282.0567627,6.0,66.0,2020-06-10 20:01:04,32.22000122,36.40000153,0.560000002,1003.900024,5.849999905,11.51000023,159.0,2020-06-10 10:03:44,2020-06-11 01:01:52,22,False,NORMAL
3600626004,2020-06-11 23:05:44,5227,22.32,15.8757,4221,14.0,5.288249016,82.91238403,83.21240234,243.6999969,269.7000122,8.100000381,-0.001343984,102.591095,482.8358154,4.0,46.0,2020-06-11 23:00:16,25.51000023,25.51000023,0.370000005,1020.5,3.630000114,5.929999828,293.0,2020-06-11 10:03:44,2020-06-12 01:04:00,33,False,EASY
3605468165,2020-06-13 00:30:42,8498,38.87,15.8757,5104,10.10000038,7.617241383,123.1157608,122.6159973,243.6999969,283.7999878,12.0,0.001286061,65.60823822,373.3736267,,,2020-06-13 00:00:00,25.51000023,25.51000023,0.370000005,1022.0,1.960000038,3.559999943,351.0,2020-06-12 10:03:44,2020-06-13 01:04:00,12,False,
3616509421,2020-06-14 22:53:48,5455,30.56,15.8757,4906,9.600000381,6.229351997,51.33335495,54.63335419,168.1000061,181.6000061,8.0,-0.010798005,93.44013214,511.1352844,6.0,129.0,2020-06-14 22:00:32,22.76000023,22.76000023,0.430000007,1023.200012,2.769999981,4.679999828,48.0,2020-06-14 10:10:08,2020-06-15 01:06:08,20,False,NORMAL
3626334378,2020-06-16 22:11:58,4070,20.38,15.8757,3564,10.60000038,5.71812582,84.67711639,85.17710114,243.6999969,269.8999939,7.699999809,-0.002453458,101.890358,404.8966064,6.0,94.0,2020-06-16 22:00:32,26.89999962,26.89999962,0.400000006,1023.599976,2.910000086,5.070000172,74.0,2020-06-16 10:03:44,2020-06-17 01:04:00,13,False,NORMAL
3631560247,2020-06-17 22:33:36,5537,24.92,15.8757,4627,12.69999981,5.386449337,117.0999832,117.5999985,243.6999969,271.1000061,10.10000038,-0.002006171,103.7960281,535.4944458,6.0,122.0,2020-06-17 22:00:32,25.94000053,25.94000053,0.430000007,1019.200012,2.74000001,4.440000057,82.0,2020-06-17 10:05:52,2020-06-18 01:04:00,16,False,NORMAL
3640590441,2020-06-19 22:46:34,4010,19.59,15.8757,3494,9.5,5.606468201,79.91666412,79.91670227,243.6999969,269.6000061,8.399999619,0.0,97.97934723,381.7087402,4.0,38.0,2020-06-19 22:00:32,28.98999977,29.44000053,0.479999989,1015.799988,1.460000038,2.799999952,341.0,2020-06-19 10:05:52,2020-06-20 01:06:08,18,False,EASY
3649439502,2020-06-21 13:58:15,3852,19.5,15.8757,3454,10.89999962,5.645570278,74.62605286,74.62609863,243.6999969,269.3999939,8.699999809,0.0,95.51655579,367.8544922,,,2020-06-21 13:00:48,25.04999924,25.45999908,0.709999979,1013.799988,1.50999999,3.069999933,215.0,2020-06-21 10:05:52,2020-06-22 01:06:08,12,False,
3675817946,2020-06-26 22:11:57,3193,15.78,15.8757,2771,11.0,5.69433403,67.83178711,68.33180237,243.6999969,269.8999939,8.399999619,-0.003168769,106.3775787,328.6723938,6.0,73.0,2020-06-26 22:00:32,27.37000084,29.28000069,0.680000007,1014.0,4.079999924,7.949999809,223.0,2020-06-26 10:05:52,2020-06-27 01:06:08,15,True,NORMAL
3680029110,2020-06-27 16:26:07,8904,40.26,15.8757,6838,11.30000019,5.887642384,107.5005569,109.3010025,209.3999939,241.8000031,7.699999809,-0.004470972,88.85681915,677.4771118,6.0,180.0,2020-06-27 16:00:00,24.01000023,24.65999985,0.839999974,1010.200012,3.779999971,7.670000076,249.0,2020-06-27 09:57:20,2020-06-28 01:04:00,33,True,NORMAL
3694748047,2020-06-30 17:12:33,10653,27.39,15.8757,6543,11.69999981,4.187024117,108.0357361,108.0360031,243.6999969,271.2000122,9.899999619,0.0,90.67565918,661.5195923,5.0,118.0,2020-06-30 16:59:44,29.73999977,31.12999916,0.529999971,1013.900024,0.819999993,2.150000095,95.0,2020-06-30 10:08:00,2020-07-01 01:06:08,11,False,NORMAL
3695897735,2020-06-30 23:43:15,10981,46.75,15.8757,8598,11.10000038,5.437915802,189.3347626,189.4349976,243.6999969,285.0,13.10000038,-0.00021388,96.86898041,928.6608276,7.0,274.0,2020-06-30 23:00:16,30.36000061,30.87000084,0.449999988,1011.299988,2.269999981,2.299999952,54.0,2020-06-30 10:08:00,2020-07-01 01:06:08,14,True,HARD
3700575573,2020-07-01 23:19:25,4986,28.61,15.8757,4394,10.10000038,6.512516975,107.1149597,107.0149612,214.8000031,231.1999969,10.80000019,0.000349455,108.0009384,529.1300659,7.0,140.0,2020-07-01 23:00:16,30.44000053,30.76000023,0.439999998,1011.900024,1.940000057,4.090000153,51.0,2020-07-01 10:08:00,2020-07-02 01:06:08,30,True,HARD
3712163423,2020-07-04 12:17:09,5621,25.34,15.8757,5235,8.300000191,4.841375351,21.64910698,21.5491066,190.8000031,212.6000061,4.699999809,0.000394561,79.25162506,462.5937195,2.0,24.0,2020-07-04 11:58:56,22.28000069,23.0,0.930000007,1015.5,1.059999943,2.50999999,5.0,2020-07-04 09:59:28,2020-07-05 01:04:00,35,False,EASY
3719948347,2020-07-05 23:33:21,3201,18.81,15.8757,3013,10.80000019,6.243246078,53.80057526,54.00059891,243.6999969,276.6000061,7.300000191,-0.001063213,115.4138641,387.7327576,8.0,129.0,2020-07-05 23:00:16,32.22999954,32.22999954,0.330000013,1013.299988,1.809999943,2.5,8.0,2020-07-05 10:10:08,2020-07-06 01:06:08,17,False,HARD
3724676540,2020-07-07 00:41:57,3355,18.12,15.8757,3064,10.80000019,5.914262295,54.39476013,54.39479828,243.6999969,277.0,8.100000381,0.0,105.4530106,360.2654114,6.0,80.0,2020-07-07 00:00:00,30.46999931,32.13000107,0.519999981,1014.099976,1.169999957,1.730000019,259.0,2020-07-06 10:12:16,2020-07-07 01:06:08,14,False,NORMAL
3731391933,2020-07-08 10:54:26,4420,24.33,15.8757,4146,11.60000038,5.870115757,115.046669,115.0469971,241.6000061,271.2000122,13.69999981,0.0,99.7914505,461.315155,6.0,109.0,2020-07-08 09:59:28,20.14999962,20.75,0.970000029,1014.799988,0.949999988,1.370000005,116.0,2020-07-08 10:12:16,2020-07-09 01:04:00,25,False,NORMAL
3743546997,2020-07-10 23:23:17,5709,30.34,15.8757,5286,13.10000038,5.740143776,117.7270355,107.6269989,243.6999969,285.0,10.30000019,0.033286754,102.8682098,606.2926636,5.0,95.0,2020-07-10 23:00:16,26.96999931,28.79000092,0.699999988,1008.400024,4.070000172,8.210000038,283.0,2020-07-10 10:14:24,2020-07-11 01:04:00,16,False,NORMAL
3744867729,2020-07-11 02:32:26,3554,16.87,15.8757,3059,11.60000038,5.515560627,56.44738007,67.6473999,245.0,281.8999939,21.70000076,-0.066381775,92.03590393,313.9146729,,,2020-07-11 01:59:28,23.45999908,24.02000046,0.829999983,1008.400024,4.5,10.42000008,273.0,2020-07-10 10:14:24,2020-07-11 01:04:00,10,False,
3752089074,2020-07-12 11:15:01,16790,84.4,15.8757,13393,21.79999924,6.301911354,290.2681885,290.2681885,215.3000031,265.7999878,16.39999962,0.0,107.2217102,1601.16272,8.0,576.0,2020-07-12 10:59:12,19.39999962,19.68000031,0.879999995,1009.700012,0.970000029,1.75,207.0,2020-07-12 10:14:24,2020-07-13 01:04:00,18,True,HARD
3760330379,2020-07-14 11:05:42,2118,13.15,15.8757,1905,10.30000019,6.90503931,47.2383728,32.13837433,219.1000061,243.6999969,5.699999809,0.114793107,121.4601822,257.9905396,7.0,60.0,2020-07-14 10:59:12,17.30999947,17.30999947,0.829999983,1017.599976,0.569999993,1.179999948,42.0,2020-07-14 10:16:32,2020-07-15 01:01:52,12,False,HARD
3763294489,2020-07-14 21:28:37,2018,8.77,15.8757,1366,11.0,6.422327995,20.0233326,40.72333145,219.1000061,243.8000031,4.199999809,-0.235953897,115.5614777,176.0105286,6.0,36.0,2020-07-14 21:00:48,30.87000084,30.87000084,0.379999995,1017.099976,1.279999971,2.150000095,76.0,2020-07-14 10:16:32,2020-07-15 01:01:52,15,False,NORMAL
3763409786,2020-07-14 22:02:33,2100,13.85,15.8757,1984,10.89999962,6.983417511,49.43381119,55.43381119,214.8000031,231.1999969,10.60000038,-0.043305352,116.7209396,258.2054138,6.0,52.0,2020-07-14 22:00:32,30.02000046,30.02000046,0.389999986,1017.099976,1.24000001,1.559999943,124.0,2020-07-14 10:16:32,2020-07-15 01:01:52,21,True,NORMAL
3763827080,2020-07-15 00:10:27,2176,14.27,15.8757,2136,12.10000038,6.68305254,57.50630951,50.60630798,214.8000031,231.1999969,6.900000095,0.048336253,112.9407806,268.9842834,9.0,106.0,2020-07-15 00:00:00,28.46999931,28.46999931,0.379999995,1017.099976,0.419999987,0.959999979,104.0,2020-07-14 10:16:32,2020-07-15 01:01:52,23,True,HARD
3768736363,2020-07-16 00:02:32,2435,14.12,15.8757,2289,13.5,6.171384811,59.0336113,59.63359833,241.3999939,269.7999878,18.60000038,-0.004247397,115.0665436,293.6780396,6.0,60.0,2020-07-16 00:00:00,29.94000053,30.70999908,0.479999989,1015.900024,1.940000057,3.569999933,176.0,2020-07-15 10:18:40,2020-07-16 01:01:52,39,True,NORMAL
3803410526,2020-07-22 23:28:27,3321,17.98,15.8757,3040,9.600000381,5.917039394,56.43821335,56.63819885,243.6999969,276.6000061,6.300000191,-0.001111865,106.7290649,361.7686157,6.0,80.0,2020-07-22 23:00:16,26.29999924,27.94000053,0.74000001,1014.599976,3.019999981,4.340000153,152.0,2020-07-22 10:25:04,2020-07-23 00:55:28,12,False,NORMAL
3806694608,2020-07-23 22:44:24,11290,35.25,15.8757,6385,12.10000038,5.520673275,140.0309448,140.2310028,243.6999969,281.8999939,10.60000038,-0.000567384,100.8336411,717.8649902,5.0,115.0,2020-07-23 22:00:32,28.22999954,31.10000038,0.699999988,1016.599976,1.889999986,3.49000001,285.0,2020-07-23 10:25:04,2020-07-24 00:55:28,20,False,NORMAL
3809576084,2020-07-25 00:39:52,2012,10.55,15.8757,1834,11.80000019,5.755289078,16.85059547,16.85059929,261.1000061,270.2999878,3.599999905,0.0,108.0652847,220.9832001,7.0,58.0,2020-07-25 00:00:00,27.87999916,29.37999916,0.610000014,1017.799988,1.639999986,2.5,26.0,2020-07-24 10:25:04,2020-07-25 00:55:28,24,False,HARD
3815541338,2020-07-26 11:40:44,14229,42.26,15.8757,8631,11.60000038,4.896431446,191.5142059,191.4140015,214.6999969,253.1000061,26.39999962,0.000236624,91.01821899,875.9195557,6.0,227.0,2020-07-26 10:59:12,20.01000023,20.38999939,0.889999986,1019.799988,0.49000001,0.49000001,204.0,2020-07-26 10:27:12,2020-07-27 00:53:20,11,True,NORMAL
3816918024,2020-07-26 23:20:04,3013,7.82,15.8757,1832,9.300000191,4.268668175,9.906970024,10.40697002,262.2999878,269.7999878,9.0,-0.006393699,95.1415329,194.3436432,6.0,48.0,2020-07-26 23:00:16,31.89999962,34.20000076,0.5,1015.400024,2.170000076,3.670000076,247.0,2020-07-26 10:27:12,2020-07-27 00:53:20,14,True,NORMAL
3829974032,2020-07-28 21:52:40,1284,3.62,15.8757,821,12.89999962,4.409865856,4.605045795,4.405049801,266.7000122,269.3999939,6.699999809,0.005524099,119.2263565,109.1412659,6.0,21.0,2020-07-28 21:00:48,29.27000046,29.38999939,0.449999988,1013.099976,3.380000114,4.849999905,293.0,2020-07-28 10:29:20,2020-07-29 00:51:12,12,False,NORMAL
3835655059,2020-07-29 21:20:47,6259,32.01,15.8757,5114,13.10000038,6.260989666,129.321991,129.121994,243.6999969,280.2000122,10.5,0.000624635,122.7423859,699.8883667,8.0,220.0,2020-07-29 21:00:48,32.36000061,33.18999863,0.419999987,1011.700012,2.180000067,3.960000038,243.0,2020-07-29 10:29:20,2020-07-30 00:49:04,20,True,HARD
3845870049,2020-08-01 00:18:31,3967,19.14,15.8757,3247,23.60000038,5.895811558,59.61666489,60.11669922,238.6999969,276.5,5.599999905,-0.002611825,118.5065536,429.043335,6.0,85.0,2020-08-01 00:00:00,26.03000069,26.19000053,0.579999983,1011.299988,2.730000019,4.010000229,2.0,2020-07-31 10:31:28,2020-08-01 00:49:04,42,False,NORMAL
3850723804,2020-08-01 23:34:16,3565,10.48,15.8757,2702,9.699999809,3.881606102,32.34799957,32.34799957,245.0,269.5,10.10000038,0.0,83.35521698,251.126709,4.0,30.0,2020-08-01 23:00:16,25.98999977,27.62999916,0.790000021,1007.900024,2.589999914,5.679999828,171.0,2020-08-01 10:33:36,2020-08-02 00:46:56,36,False,EASY
3854038503,2020-08-02 13:10:01,7324,24.56,15.8757,5437,23.89999962,4.518208504,80.85250092,81.55249786,225.3999939,253.8999939,7.900000095,-0.002849525,85.32687378,517.2734375,,,2020-08-02 13:00:48,20.45999908,20.94000053,0.910000026,1009.599976,4.650000095,9.159999847,218.0,2020-08-02 10:33:36,2020-08-03 00:44:48,23,True,
3856128927,2020-08-02 23:14:31,3161,10.29,15.8757,1821,41.29999924,5.653542042,10.88452339,10.28450012,262.2000122,270.1000061,8.100000381,0.005828015,106.934082,217.1203918,3.0,15.0,2020-08-02 23:00:16,24.34000015,24.56999969,0.660000026,1014.0,2.0,2.980000019,264.0,2020-08-02 10:33:36,2020-08-03 00:46:56,12,False,EASY
3865916771,2020-08-04 21:28:33,2845,8.25,15.8757,2107,10.30000019,3.91665864,11.6930542,11.29310036,264.6000061,270.2000122,4.699999809,0.004847075,76.9949646,180.8847351,,,2020-08-04 21:00:48,24.01000023,24.20999908,0.670000017,1013.700012,1.860000014,4.139999866,255.0,2020-08-04 10:35:44,2020-08-05 00:44:48,14,False,
3870291831,2020-08-05 20:13:05,4109,16.39,15.8757,2920,11.10000038,5.615479469,80.22000122,80.41999817,241.3999939,278.0,26.70000076,-0.00121972,113.7984009,370.50354,5.0,52.0,2020-08-05 20:01:04,24.23999977,24.23999977,0.439999998,1019.299988,1.870000005,2.920000076,352.0,2020-08-05 10:35:44,2020-08-06 00:42:40,21,False,NORMAL
3873464261,2020-08-06 12:33:08,7464,28.58,15.8757,5390,48.5,5.302244663,72.79441071,99.0943985,230.1999969,269.2000122,5.400000095,-0.092025295,91.22416687,548.2437744,6.0,142.0,2020-08-06 12:01:04,16.46999931,16.46999931,0.860000014,1020.5,0.75,0.75,35.0,2020-08-06 10:37:52,2020-08-07 00:40:32,14,True,NORMAL
3874203333,2020-08-06 16:14:39,4422,5.86,15.8757,3270,18.0,1.793639183,15.89999962,15.69999981,242.5,257.0,6.599999905,0.003409943,102.0719833,372.1595459,3.0,27.0,2020-08-06 16:00:00,25.14999962,25.14999962,0.49000001,1019.700012,0.939999998,2.559999943,77.0,2020-08-06 10:37:52,2020-08-07 00:40:32,27,True,EASY
3875911617,2020-08-06 22:28:05,4720,5.09,15.8757,1141,13.30000019,4.465293407,18.36666679,12.16666698,242.6000061,257.7999878,13.19999981,0.121690318,110.3790054,140.425827,5.0,20.0,2020-08-06 22:00:32,26.73999977,26.73999977,0.430000007,1017.599976,1.409999967,2.279999971,4.0,2020-08-06 10:37:52,2020-08-07 00:40:32,26,False,NORMAL
3888490329,2020-08-09 13:01:14,1540,4.72,15.8757,1123,10.19999981,4.208637714,13.66628838,18.96628952,228.8999939,241.8999939,5.5,-0.112138458,77.41306305,96.93238068,2.0,5.0,2020-08-09 13:00:48,21.12999916,21.31999969,0.779999971,1022.099976,0.99000001,1.899999976,184.0,2020-08-09 10:40:00,2020-08-10 00:36:16,31,False,EASY
3902986200,2020-08-12 14:44:32,5580,10.4,15.8757,1727,19.0,6.021829605,30.85000038,31.04999924,245.0,269.3999939,9.399999619,-0.001923132,130.2162018,250.7445831,7.0,55.0,2020-08-12 14:00:32,23.75,24.30999947,0.810000002,1019.099976,1.299999952,1.549999952,13.0,2020-08-12 10:42:08,2020-08-13 00:34:08,13,False,HARD
3922365744,2020-08-16 12:52:17,11079,20.95,15.8757,6697,19.0,3.128430605,67.63182068,68.03181458,220.3999939,243.8000031,8.600000381,-0.001909208,75.63647461,564.7892456,,,2020-08-16 12:01:04,17.0,17.18000031,0.930000007,1015.200012,0.980000019,2.119999886,148.0,2020-08-16 10:46:24,2020-08-17 00:27:44,17,False,
3924016323,2020-08-16 21:54:15,1268,6.08,15.8757,1017,11.5,5.986037254,23.62138939,24.72138977,215.3000031,225.3000031,5.400000095,-0.018068925,125.0320435,141.7807159,,,2020-08-16 21:00:48,26.09000015,26.62999916,0.720000029,1012.299988,1.610000014,1.610000014,283.0,2020-08-16 10:46:24,2020-08-17 00:27:44,20,False,
3924085714,2020-08-16 23:50:57,1020,5.19,15.8757,988,10.30000019,5.252327919,16.63484192,16.03484154,217.8000031,225.3000031,17.20000076,0.011562253,95.57505035,105.2873917,6.0,26.0,2020-08-16 23:00:16,26.70000076,27.97999954,0.639999986,1013.0,1.309999943,2.549999952,24.0,2020-08-16 10:46:24,2020-08-17 00:27:44,12,False,NORMAL
3938300771,2020-08-19 21:24:50,9162,42.1,15.8757,6342,35.40000153,6.638489246,160.6982574,160.5980072,243.6999969,275.3999939,11.69999981,0.000237522,139.0703125,983.4098511,6.0,167.0,2020-08-19 21:00:48,25.04999924,25.04999924,0.460000008,1016.400024,2.660000086,4.739999771,29.0,2020-08-19 10:50:40,2020-08-20 00:25:36,40,False,NORMAL
3942695122,2020-08-20 21:10:09,2000,3.9,15.8757,871,19.10000038,4.478645325,5.676388741,6.07638979,266.0,269.8999939,4.199999809,-0.010254044,108.6206894,105.4889145,3.0,7.0,2020-08-20 21:00:48,27.47999954,27.47999954,0.379999995,1014.700012,0.99000001,2.0,108.0,2020-08-20 10:50:40,2020-08-21 00:23:28,15,False,EASY
3955182746,2020-08-23 13:00:31,2283,7.35,15.8757,1806,10.60000038,4.070542812,16.82363701,27.32363701,228.8999939,244.0,3.900000095,-0.14282994,83.55641174,168.2566986,,,2020-08-23 13:00:48,20.53000069,21.04000092,0.920000017,1017.799988,1.679999948,2.980000019,189.0,2020-08-23 10:52:48,2020-08-24 00:17:04,12,False,
3956271614,2020-08-23 17:27:56,5539,25.76,15.8757,4799,27.39999962,5.369493484,70.31666565,70.21669769,243.6999969,280.5,7.099999905,0.000388075,123.3847275,660.2189331,8.0,206.0,2020-08-23 16:59:44,28.06999969,29.75,0.620000005,1017.400024,1.600000024,3.349999905,178.0,2020-08-23 10:54:56,2020-08-24 00:19:12,20,False,HARD
3964264713,2020-08-25 14:38:03,6478,10.14,15.8757,2152,23.79999924,4.715427399,9.451428413,8.951430321,262.5,269.8999939,5.5,0.004927273,100.5884399,241.3588867,5.0,38.0,2020-08-25 14:00:32,27.07999992,29.65999985,0.769999981,1017.299988,2.75,5.679999828,318.0,2020-08-25 10:54:56,2020-08-26 00:17:04,33,False,NORMAL
3988078366,2020-08-30 14:59:09,11047,27.52,15.8757,5842,27.60000038,4.711211681,122.101799,141.7019958,223.1999969,269.0,11.69999981,-0.071213424,87.31626892,568.7635498,5.0,105.0,2020-08-30 14:00:32,19.31999969,19.31999969,0.670000017,1013.900024,2.150000095,4.090000153,358.0,2020-08-30 10:59:12,2020-08-31 00:08:32,21,True,NORMAL
4003175803,2020-09-02 21:21:17,5151,23.6,15.8757,4173,12.80000019,5.656314373,117.6379395,118.038002,243.6999969,275.3999939,10.0,-0.001694642,95.57357788,444.6939392,5.0,75.0,2020-09-02 21:00:48,26.30999947,27.92000008,0.730000019,1009.400024,3.640000105,5.869999886,272.0,2020-09-02 11:03:28,2020-09-03 00:04:16,31,False,NORMAL
4003355461,2020-09-02 23:24:55,1309,4.21,15.8757,798,18.20000076,5.277694225,4.900952339,4.80095005,266.1000061,269.8999939,2.799999952,0.002374395,123.4260864,109.820755,4.0,8.0,2020-09-02 23:00:16,25.02000046,25.70999908,0.819999993,1009.799988,2.50999999,4.730000019,277.0,2020-09-02 11:03:28,2020-09-03 00:04:16,23,False,EASY
4008153143,2020-09-03 22:56:23,5746,10.76,15.8757,2412,9.5,4.464179039,37.68000031,36.88000107,245.0,270.0,5.599999905,0.007429697,96.59346771,259.7766418,6.0,63.0,2020-09-03 22:00:32,27.75,29.60000038,0.649999976,1007.799988,3.660000086,7.039999962,273.0,2020-09-03 11:03:28,2020-09-04 00:02:08,12,False,NORMAL
4037172186,2020-09-09 22:23:50,4956,25.3,15.8757,4528,11.5,5.587256908,108.7969055,108.7969971,241.1000061,271.5,9.5,0.0,103.5216904,522.6535645,6.0,119.0,2020-09-09 22:00:32,29.86000061,31.21999931,0.519999981,1021.299988,2.119999886,3.130000114,140.0,2020-09-09 11:09:52,2020-09-09 23:51:28,32,True,NORMAL
4071000092,2020-09-16 23:40:59,3290,14.94,15.8757,2890,12.5,5.171591759,88.18478394,88.88480377,233.3000031,274.3999939,28.79999924,-0.004683559,107.8873444,347.6496887,5.0,52.0,2020-09-16 23:00:16,23.36000061,23.36000061,0.540000021,1016.299988,1.330000043,1.330000043,192.0,2020-09-16 11:16:16,2020-09-16 23:40:48,20,True,NORMAL
4074900404,2020-09-17 19:07:52,6100,19.26,15.8757,4612,22.89999962,4.176799774,72.88571167,73.48570251,242.6000061,269.8999939,16.5,-0.003114715,102.3370438,526.2557373,5.0,83.0,2020-09-17 18:59:12,23.21999931,23.29000092,0.649999976,1016.0,3.710000038,5.230000019,31.0,2020-09-17 11:16:16,2020-09-17 23:38:40,11,False,NORMAL
4079221652,2020-09-18 19:50:38,5622,21.0,15.8757,3792,13.30000019,5.538211823,72.4536438,86.1536026,237.0,279.2000122,14.39999962,-0.065235302,106.3830643,449.7958374,10.0,231.0,2020-09-18 18:59:12,18.07999992,18.07999992,0.439999998,1022.5,6.960000038,8.979999542,10.0,2020-09-18 11:18:24,2020-09-18 23:36:32,8,True,HARD
4104212687,2020-09-24 00:27:29,3851,14.67,15.8757,3293,11.39999962,4.45633173,73.75765228,74.35769653,241.6000061,274.1000061,13.30000019,-0.00408867,90.98030853,334.0519104,2.0,15.0,2020-09-24 00:00:00,19.88999939,19.88999939,0.709999979,1016.799988,1.24000001,1.830000043,276.0,2020-09-23 11:22:40,2020-09-23 23:28:00,7,False,EASY
4108365472,2020-09-24 22:25:22,5430,24.28,15.8757,4548,10.30000019,5.339313984,74.84260559,75.04260254,243.6999969,278.5,16.70000076,-0.000823615,92.0920105,467.0003662,5.0,82.0,2020-09-24 22:00:32,24.87999916,24.87999916,0.5,1015.400024,1.409999967,2.140000105,163.0,2020-09-24 11:24:48,2020-09-24 23:28:00,26,False,NORMAL
4120059933,2020-09-27 12:56:30,9189,30.68,15.8757,6175,56.59999847,4.968971729,96.95716095,96.85716248,214.6999969,243.0,19.29999924,0.000325909,83.65126038,575.9494019,3.0,51.0,2020-09-27 12:01:04,16.23999977,16.39999962,0.949999988,1012.799988,2.400000095,5.599999905,192.0,2020-09-27 11:26:56,2020-09-27 23:21:36,15,False,EASY
4203579387,2020-10-16 19:04:26,3786,18.07,15.8757,3114,9.199999809,5.804752827,54.85129547,55.45130157,243.6999969,276.5,6.400000095,-0.003319318,98.02722168,340.3612366,7.0,99.0,2020-10-16 18:59:12,12.76000023,12.76000023,0.389999986,1022.099976,2.319999933,3.849999905,270.0,2020-10-16 11:46:08,2020-10-16 22:51:44,18,False,HARD
4230821659,2020-10-22 22:39:49,3541,15.93,15.8757,2891,11.19999981,5.510273457,71.06990051,71.06990051,242.6000061,274.2999878,14.30000019,0.0,99.15528107,319.6236267,6.0,76.0,2020-10-22 22:00:32,24.61000061,24.69000053,0.600000024,1019.099976,1.460000038,3.529999971,186.0,2020-10-22 11:52:32,2020-10-22 22:43:12,28,True,NORMAL
4237853887,2020-10-24 16:01:08,1460,8.78,15.8757,1326,10.80000019,6.625188351,26.07571411,38.47570038,238.6000061,269.7000122,5.699999809,-0.141149685,121.1527634,179.1235046,7.0,42.0,2020-10-24 16:00:00,8.18999958,6.25,0.74000001,1023.099976,3.130000114,4.96999979,15.0,2020-10-24 11:54:40,2020-10-24 22:41:04,23,False,HARD
4238060996,2020-10-24 16:56:01,797,4.66,15.8757,730,9.100000381,6.382739544,9.911190033,13.81119061,253.1000061,261.2999878,1.700000048,-0.083701767,91.86291504,74.77182007,5.0,13.0,2020-10-24 16:00:00,8.18999958,6.25,0.74000001,1023.099976,3.130000114,4.96999979,15.0,2020-10-24 11:54:40,2020-10-24 22:41:04,5,False,NORMAL
4238714069,2020-10-24 18:50:52,6752,15.86,15.8757,4987,11.0,3.181772709,35.25231171,35.25231171,239.1999969,256.0,7.0,0.0,76.17150879,423.552063,,,2020-10-24 17:59:28,9.989999771,9.569999695,0.639999986,1022.0,1.559999943,3.529999971,6.0,2020-10-24 11:54:40,2020-10-24 22:41:04,27,False,
4238817655,2020-10-24 20:44:22,2308,12.42,15.8757,2058,9.899999619,6.034985542,49.44269943,35.6427002,238.6000061,269.3999939,5.800000191,0.111111112,103.1366272,236.6653748,7.0,65.0,2020-10-24 20:01:04,10.42000008,10.42000008,0.620000005,1021.200012,1.440000057,2.430000067,23.0,2020-10-24 11:54:40,2020-10-24 22:41:04,14,False,HARD
4329474548,2020-11-12 21:30:19,3278,9.15,15.8757,2324,9.100000381,3.937177181,12.13749981,12.13749981,262.0,269.7000122,7.699999809,0.0,90.93786621,235.6437378,,,2020-11-12 21:00:48,11.92000008,11.92000008,0.469999999,1018.5,1.629999995,1.850000024,34.0,2020-11-12 12:16:00,2020-11-12 22:19:44,14,False,
4348081788,2020-11-16 20:46:37,5659,15.2,15.8757,4075,10.10000038,3.731950998,70.74143219,71.04139709,244.8999939,277.1000061,14.30000019,-0.001972685,91.64292908,416.3909607,6.0,107.0,2020-11-16 19:58:56,9.350000381,6.690000057,0.389999986,1020.5,5.21999979,9.659999847,256.0,2020-11-16 12:20:16,2020-11-16 22:15:28,25,False,NORMAL
4351835276,2020-11-17 17:11:02,1966,9.87,15.8757,1811,9.699999809,5.453119755,34.82083511,34.82080078,244.3999939,269.7000122,10.0,0.0,82.33827209,166.2628479,,,2020-11-17 16:59:44,3.309999943,-0.74000001,0.579999983,1027.900024,4.940000057,8.859999657,315.0,2020-11-17 12:22:24,2020-11-17 22:15:28,28,False,
4356983762,2020-11-18 18:10:43,2364,7.61,15.8757,1443,8.600000381,5.277754784,8.970000267,8.970000267,262.7000122,269.7000122,3.0,0.0,91.12255096,146.6112518,4.0,16.0,2020-11-18 17:59:28,5.409999847,3.839999914,0.479999989,1036.400024,2.00999999,3.150000095,194.0,2020-11-18 12:24:32,2020-11-18 22:15:28,23,False,EASY
4361964395,2020-11-19 20:16:24,3548,10.98,15.8757,2756,10.19999981,3.984143734,26.36000061,25.45999908,245.3999939,270.1000061,7.400000095,0.008196497,95.20835114,292.5697021,5.0,49.0,2020-11-19 20:01:04,17.45999908,17.45999908,0.280000001,1023.900024,5.860000134,11.06999969,211.0,2020-11-19 12:24:32,2020-11-19 22:13:20,25,False,NORMAL
4403807192,2020-11-28 17:06:44,8912,20.21,15.8757,3784,12.0,5.341067791,108.5492096,108.1492081,302.2999878,330.1000061,9.199999809,0.001979159,97.93473053,413.202301,5.0,68.0,2020-11-28 16:59:44,4.940000057,2.319999933,0.680000007,1021.200012,3.140000105,5.289999962,249.0,2020-11-28 12:30:56,2020-11-28 22:00:32,21,False,NORMAL
4412809348,2020-11-30 17:40:12,2712,10.29,15.8757,1967,9.5,5.234875679,28.14595222,28.14599991,263.1000061,278.3999939,4.199999809,0.0,81.69444275,179.1725616,5.0,35.0,2020-11-30 16:59:44,1.340000033,-3.25,0.959999979,1002.200012,5.019999981,8.930000305,335.0,2020-11-30 12:37:20,2020-11-30 22:09:04,20,False,NORMAL
4422108022,2020-12-02 19:54:53,3050,6.31,15.8757,2039,10.39999962,3.098773956,14.2396822,13.43970013,264.7999878,274.2999878,7.699999809,0.012661433,82.11420441,186.6854095,3.0,16.0,2020-12-02 18:59:12,3.25999999,0.730000019,0.680000007,1026.400024,2.619999886,4.639999866,282.0,2020-12-02 12:39:28,2020-12-02 22:09:04,18,False,EASY
4425571905,2020-12-03 17:05:01,5128,21.09,15.8757,3961,9.600000381,5.326255798,51.60193634,50.70190048,263.1000061,282.1000061,5.599999905,0.004265949,91.47094727,403.982605,7.0,126.0,2020-12-03 16:59:44,2.109999895,-0.689999998,0.730000019,1025.099976,2.680000067,5.670000076,209.0,2020-12-03 12:39:28,2020-12-03 22:09:04,28,True,HARD
4434685320,2020-12-05 20:49:49,4018,9.23,15.8757,2462,9.199999809,3.751665354,12.6922617,12.69229984,261.1000061,269.7000122,2.599999905,0.0,82.71080017,227.0518951,5.0,44.0,2020-12-05 20:01:04,3.50999999,1.00999999,0.709999979,1019.0,2.640000105,3.99000001,338.0,2020-12-05 12:41:36,2020-12-05 22:09:04,17,False,NORMAL
4439566437,2020-12-06 18:36:38,8206,38.41,15.8757,6891,12.0,5.574575424,148.42659,148.427002,244.1999969,283.2000122,10.19999981,0.0,101.1133957,776.8981934,10.0,421.0,2020-12-06 17:59:28,2.329999924,1.059999943,0.649999976,1017.400024,1.389999986,1.389999986,65.0,2020-12-06 12:41:36,2020-12-06 22:06:56,14,True,HARD
4447920062,2020-12-08 21:15:25,3603,17.9,15.8757,2945,10.69999981,6.079558372,53.63571548,53.53570175,244.1999969,276.3999939,5.099999905,0.000558525,102.4611969,336.4486389,6.0,77.0,2020-12-08 21:00:48,1.74000001,-0.829999983,0.660000026,1018.200012,2.359999895,4.059999943,238.0,2020-12-08 12:43:44,2020-12-08 22:06:56,28,False,NORMAL
4450338751,2020-12-09 13:44:23,3596,18.34,15.8757,2935,10.60000038,6.250017166,79.76773834,67.06770325,244.3000031,283.1000061,11.39999962,0.069233201,111.6547852,365.3937683,6.0,77.0,2020-12-09 13:00:48,0.280000001,-3.039999962,0.850000024,1013.299988,2.859999895,5.510000229,213.0,2020-12-09 12:45:52,2020-12-09 22:09:04,14,False,NORMAL
4450821610,2020-12-09 15:53:02,3755,18.87,15.8757,3416,13.19999981,5.524677753,66.74121094,79.24120331,244.1999969,282.2000122,8.300000191,-0.066234641,86.54946899,329.6531982,10.0,208.0,2020-12-09 15:00:16,2.0,-2.089999914,0.810000002,1012.599976,4.409999847,8.470000267,229.0,2020-12-09 12:45:52,2020-12-09 22:09:04,19,True,HARD
4456136306,2020-12-10 20:41:42,5261,24.76,15.8757,4294,9.5,5.76646471,67.87408447,67.17410278,244.3000031,283.6000061,8.0,0.002827004,94.09111023,450.4902954,5.0,77.0,2020-12-10 19:58:56,12.07999992,12.07999992,0.529999971,1018.200012,2.349999905,3.410000086,152.0,2020-12-10 12:45:52,2020-12-10 22:06:56,13,False,NORMAL
4472002417,2020-12-14 17:05:27,2611,11.22,15.8757,1963,9.899999619,5.717371464,26.46583366,26.7658329,241.1999969,260.8999939,4.099999905,-0.002673034,85.62465668,187.4105377,2.0,9.0,2020-12-14 16:59:44,1.330000043,-0.769999981,0.670000017,1020.700012,1.889999986,7.480000019,322.0,2020-12-14 12:48:00,2020-12-14 22:09:04,35,False,EASY
4477068537,2020-12-15 21:12:39,3563,17.93,15.8757,3096,11.5,5.793378353,53.42761993,52.82759857,244.3000031,276.3999939,8.100000381,0.003345171,100.5874176,347.2303467,7.0,98.0,2020-12-15 21:00:48,0.5,-2.700000048,0.589999974,1025.5,2.779999971,4.570000172,80.0,2020-12-15 12:48:00,2020-12-15 22:09:04,32,False,HARD
4483794877,2020-12-17 15:27:53,4546,23.07,15.8757,3848,12.60000038,5.996153831,102.8130417,102.8130035,244.3000031,271.2999878,10.10000038,0.0,106.4550171,456.7473145,5.0,69.0,2020-12-17 15:00:16,-1.529999971,-4.409999847,0.939999998,1018.599976,2.140000105,2.829999924,311.0,2020-12-17 12:50:08,2020-12-17 22:09:04,29,True,NORMAL
4488400318,2020-12-18 19:35:24,5432,26.62,10.16049957,4447,10.60000038,5.988037109,54.14400864,54.14400864,314.3999939,345.7999878,4.099999905,0.0,88.26703644,437.6637268,6.0,117.0,2020-12-18 18:59:12,-0.449999988,-2.599999905,0.75999999,1030.400024,1.720000029,2.289999962,203.0,2020-12-18 12:52:16,2020-12-18 22:11:12,20,False,NORMAL
4512706104,2020-12-24 14:04:48,4336,20.29,10.16049957,3836,11.89999962,5.289442062,143.6551056,143.4550018,287.0,323.8999939,15.80000019,0.000985693,95.17445374,407.074646,8.0,165.0,2020-12-24 14:00:32,8.5,5.329999924,0.920000017,1005.0,6.03000021,14.60000038,245.0,2020-12-24 12:50:08,2020-12-24 22:02:40,39,True,HARD
4535982703,2020-12-29 19:00:00,3562,18.12,10.16049957,3131,10.5,5.78949213,53.03733826,52.43730164,244.1999969,276.3999939,7.5,0.003309998,105.6095123,368.6913757,6.0,82.0,2020-12-29 18:59:12,1.860000014,1.860000014,0.430000007,1033.800049,1.24000001,2.710000038,122.0,2020-12-29 12:54:24,2020-12-29 22:17:36,16,False,NORMAL
4540079650,2020-12-30 15:58:43,3007,15.61,10.16049957,2710,11.30000019,5.760147572,63.16666794,62.16669846,244.3000031,270.1000061,12.10000038,0.00640615,108.9247513,329.1332397,8.0,116.0,2020-12-30 15:00:16,5.139999866,1.340000033,0.670000017,1019.099976,5.369999886,10.89999962,177.0,2020-12-30 12:54:24,2020-12-30 22:17:36,42,False,HARD
4567823595,2021-01-04 20:42:38,1724,7.54,10.16049957,1320,9.800000191,5.713106155,6.683333397,6.683330059,262.8999939,269.7000122,3.200000048,0.0,100.0796661,147.2977448,5.0,23.0,2021-01-04 20:01:04,1.960000038,0.100000001,0.779999971,1016.0,1.779999971,2.210000038,230.0,2021-01-04 12:56:32,2021-01-04 22:21:52,13,False,NORMAL
4587714515,2021-01-08 16:24:19,2546,11.53,10.16049957,2213,14.19999981,5.21025753,51.78701401,51.18700027,237.1000061,269.7999878,30.89999962,0.005203681,105.4558945,260.2121582,6.0,58.0,2021-01-08 16:00:00,-0.059999999,-4.190000057,0.819999993,1020.799988,3.769999981,5.869999886,15.0,2021-01-08 12:56:32,2021-01-08 22:24:00,19,False,NORMAL
4638471665,2021-01-17 19:38:18,3689,12.12,15.8757,2929,10.89999962,4.138955116,47.11999893,47.11999893,241.8999939,269.7000122,20.20000076,0.0,95.29924011,311.2314758,7.0,93.0,2021-01-17 18:59:12,0.99000001,-2.49000001,0.920000017,1008.799988,3.220000029,3.220000029,226.0,2021-01-17 12:52:16,2021-01-17 22:34:40,25,True,HARD
4649177294,2021-01-19 21:10:09,5888,17.46,10.16049957,4522,10.0,3.863025188,75.45920563,75.459198,241.8999939,277.7999878,16.10000038,0.0,82.15891266,414.2476501,6.0,119.0,2021-01-19 21:00:48,2.920000076,-0.550000012,0.589999974,1022.200012,3.769999981,7.46999979,262.0,2021-01-19 12:50:08,2021-01-19 22:36:48,22,False,NORMAL
4659559424,2021-01-21 21:28:24,4885,9.62,10.16049957,3185,8.699999809,3.020973206,14.25829029,12.85830021,261.7000122,269.7000122,7.400000095,0.014550292,65.85643005,233.8741913,2.0,15.0,2021-01-21 21:00:48,6.670000076,3.109999895,0.519999981,1008.0,5.739999771,10.35000038,266.0,2021-01-21 12:50:08,2021-01-21 22:41:04,38,False,EASY
4664342824,2021-01-22 20:54:37,3913,16.39,10.16049957,3176,10.69999981,5.161083221,35.70840836,35.40840149,262.7000122,277.2999878,6.199999809,0.001830206,86.15606689,305.0994263,7.0,101.0,2021-01-22 20:01:04,-0.920000017,-6.170000076,0.620000005,1017.900024,5.170000076,6.809999943,293.0,2021-01-22 12:50:08,2021-01-22 22:41:04,37,False,HARD
4697172498,2021-01-28 20:54:33,5150,19.96,10.16049957,4344,10.60000038,4.59541893,42.56404877,42.56399918,262.7000122,281.3999939,4.5,0.0,87.89070892,425.7038879,6.0,114.0,2021-01-28 20:01:04,-4.170000076,-8.430000305,0.569999993,1034.400024,2.920000076,6.190000057,338.0,2021-01-28 12:45:52,2021-01-28 22:47:28,25,True,NORMAL
4702002534,2021-01-29 21:22:51,4543,18.05,10.16049957,3441,10.89999962,5.247108459,53.29180145,53.29180145,244.3000031,276.3999939,5.0,0.0,99.6111908,382.1797791,8.0,148.0,2021-01-29 21:00:48,-0.430000007,-2.079999924,0.479999989,1029.300049,1.399999976,1.399999976,275.0,2021-01-29 12:43:44,2021-01-29 22:49:36,22,False,HARD
4713663927,2021-01-31 18:48:16,3059,7.02,15.8757,2484,10.39999962,2.827777863,14.3769846,14.67700005,264.3999939,274.1000061,22.60000038,-0.004270949,84.18671417,233.1685333,,,2021-01-31 17:59:28,1.779999971,-1.639999986,0.949999988,1007.5,3.349999905,3.349999905,86.0,2021-01-31 12:43:44,2021-01-31 22:51:44,19,True,
4861374986,2021-02-27 19:07:48,4432,21.34,10.16049957,3882,13.10000038,5.497784615,88.10309601,88.10310364,241.8999939,276.3999939,21.39999962,0.0,94.08109283,407.2234497,7.0,124.0,2021-02-27 18:59:12,8.260000229,8.260000229,0.790000021,1019.099976,1.220000029,3.549999952,302.0,2021-02-27 12:09:36,2021-02-27 23:23:44,17,True,HARD
4880365656,2021-03-02 22:48:02,2650,11.26,10.16049957,2305,13.89999962,4.886073589,53.02535629,52.52539825,234.1000061,270.0,44.09999847,0.004439551,98.87245178,254.1097412,6.0,60.0,2021-03-02 22:00:32,4.710000038,2.839999914,0.430000007,1023.400024,2.180000067,3.950000048,241.0,2021-03-02 12:05:20,2021-03-02 23:28:00,17,False,NORMAL
4959281939,2021-03-16 22:04:42,6271,18.58,10.16049957,4019,10.0,4.625255108,74.0812149,73.08119965,241.8999939,277.0,21.60000038,0.005379554,93.2631073,417.9291992,,,2021-03-16 22:00:32,12.19999981,12.19999981,0.74000001,1013.5,2.089999914,2.869999886,322.0,2021-03-16 11:44:00,2021-03-16 23:42:56,31,True,
4975031593,2021-03-19 22:31:05,2708,8.84,10.16049957,2119,9.800000191,4.17437458,9.100000381,9.100000381,262.7000122,269.7000122,2.299999952,0.0,88.02407074,207.9732208,5.0,38.0,2021-03-19 22:00:32,8.199999809,5.699999809,0.400000006,1029.699951,4.179999828,6.329999924,25.0,2021-03-19 11:37:36,2021-03-19 23:45:04,17,False,NORMAL
4987066590,2021-03-21 18:33:03,1212,5.48,10.16049957,1016,9.899999619,5.400393486,13.95375919,26.55380058,245.1999969,269.7000122,7.5,-0.229642048,93.66413879,106.1064377,,,2021-03-21 17:59:28,16.45000076,16.45000076,0.230000004,1029.800049,2.49000001,3.920000076,147.0,2021-03-21 11:35:28,2021-03-21 23:47:12,17,False,
4993197209,2021-03-22 21:53:41,3110,15.09,10.16049957,2653,10.39999962,5.690953732,32.86238098,38.46239853,263.1000061,281.3999939,6.199999809,-0.03709076,114.8127747,339.6277466,6.0,70.0,2021-03-22 21:00:48,20.71999931,20.71999931,0.25999999,1020.200012,2.079999924,5.070000172,167.0,2021-03-22 11:33:20,2021-03-22 23:47:12,37,False,NORMAL
5021533982,2021-03-27 14:43:28,18816,43.7,10.16049957,11645,17.29999924,3.752889633,129.9410248,149.141037,214.6000061,250.1000061,9.800000191,-0.043933515,100.1091766,1299.835083,,,2021-03-27 14:00:32,9.68999958,8.619999886,0.800000012,1020.599976,2.269999981,3.50999999,104.0,2021-03-27 11:24:48,2021-03-27 23:53:36,37,False,
5022261676,2021-03-27 21:25:48,7670,37.01,10.16049957,6408,19.79999924,5.776295185,125.3411865,107.0411835,215.6000061,248.6000061,6.900000095,0.049440086,108.807312,777.4195557,8.0,275.0,2021-03-27 21:00:48,20.54000092,20.54000092,0.460000008,1013.900024,4.010000229,5.369999886,196.0,2021-03-27 11:24:48,2021-03-27 23:51:28,33,False,HARD
5057015743,2021-04-02 16:17:27,5072,11.43,10.16049957,3383,9.300000191,3.379751682,26.43333244,25.93330002,245.3999939,270.1000061,11.19999981,0.004373038,84.49533081,318.7200623,7.0,108.0,2021-04-02 16:00:00,3.210000038,2.079999924,0.419999987,1034.800049,1.389999986,1.389999986,302.0,2021-04-02 11:14:08,2021-04-03 00:00:00,20,False,HARD
5070122440,2021-04-04 15:34:40,15412,46.7,10.16049957,9459,12.5,4.93727684,198.0679321,197.6679993,237.8999939,284.8999939,43.0,0.0008565,96.48961639,1017.65509,6.0,249.0,2021-04-04 15:00:16,15.13000011,15.13000011,0.409999996,1023.900024,1.799999952,2.109999895,321.0,2021-04-04 11:12:00,2021-04-05 00:00:00,40,True,NORMAL
5082384851,2021-04-06 21:25:32,12569,35.61,10.16049957,8076,26.29999924,4.410450935,174.1597137,125.8600006,218.3999939,270.3999939,10.80000019,0.135602549,192.5673523,1734.015747,2.0,38.0,2021-04-06 21:00:48,25.12999916,25.12999916,0.349999994,1013.700012,3.569999933,7.96999979,222.0,2021-04-06 11:07:44,2021-04-07 00:02:08,33,False,EASY
5093418943,2021-04-08 21:31:20,5265,15.78,10.16049957,4174,9.5,3.782654524,45.65243912,45.85243988,221.1000061,236.0,16.70000076,-0.001266721,80.18539429,373.1836243,,,2021-04-08 21:00:48,17.42000008,17.42000008,0.75999999,1006.200012,0.709999979,0.920000017,125.0,2021-04-08 11:05:36,2021-04-09 00:04:16,20,False,
5099134640,2021-04-09 23:22:53,6945,34.11,10.16049957,6301,13.60000038,5.414680004,134.3451233,134.3450012,244.1999969,281.8999939,18.20000076,0.0,96.57897186,678.5268555,6.0,166.0,2021-04-09 23:00:16,22.0,22.0,0.409999996,1009.5,2.720000029,8.819999695,199.0,2021-04-09 11:03:28,2021-04-10 00:06:24,23,False,NORMAL
5161949989,2021-04-20 14:38:06,11775,37.26,10.16049957,9088,16.29999924,4.100803375,62.13041687,62.13041687,0.100000001,15.30000019,30.60000038,0.0,76.93447113,779.5861816,6.0,239.0,2021-04-20 14:00:32,20.72999954,21.03000069,0.829999983,1016.299988,3.309999943,4.610000134,67.0,2021-04-20 10:54:56,2021-04-20 23:57:52,30,False,NORMAL
5193031079,2021-04-25 18:42:47,7563,11.38,10.16049957,3553,10.10000038,3.204897165,13.22444439,13.22439957,258.3999939,269.7000122,4.699999809,0.0,78.9634552,312.8214111,,,2021-04-25 17:59:28,13.47999954,13.47999954,0.670000017,1015.799988,4.190000057,6.340000153,277.0,2021-04-25 10:40:00,2021-04-26 00:21:20,42,False,
5198305923,2021-04-26 20:58:29,898,3.88,10.16049957,747,12.69999981,5.198795319,34.99523926,32.39519882,237.1999969,272.2999878,7.0,0.066949919,122.8008881,102.2815704,,,2021-04-26 20:01:04,19.78000069,19.78000069,0.319999993,1018.0,3.309999943,4.659999847,167.0,2021-04-26 10:40:00,2021-04-27 00:23:28,28,False,
5198411144,2021-04-26 22:18:34,780,4.21,10.16049957,744,10.0,5.658333302,6.920000076,0.519999981,262.7000122,269.7000122,2.200000048,0.152026221,120.7689743,100.1851349,,,2021-04-26 22:00:32,19.56999969,19.56999969,0.360000014,1016.299988,1.480000019,3.99000001,151.0,2021-04-26 10:40:00,2021-04-27 00:23:28,39,False,
5198781258,2021-04-26 23:19:22,3110,9.65,10.16049957,2765,10.30000019,3.490198851,61.82807922,56.02807617,218.6999969,240.8000031,21.20000076,0.060101137,90.08818817,277.739624,7.0,88.0,2021-04-26 23:00:16,20.59000015,20.59000015,0.319999993,1015.799988,3.230000019,6.389999866,159.0,2021-04-26 10:40:00,2021-04-27 00:23:28,25,False,HARD
5204597211,2021-04-27 22:09:31,3618,4.86,10.16049957,2612,9.399999619,1.86052835,12.99303913,13.49303913,277.1000061,282.8999939,19.79999924,-0.010288701,82.1359787,239.2111816,7.0,83.0,2021-04-27 22:00:32,27.12000084,27.12000084,0.319999993,1011.5,6.320000172,9.890000343,214.0,2021-04-27 10:37:52,2021-04-28 00:23:28,20,True,HARD
5276028678,2021-05-10 21:41:23,9273,39.5,10.16049957,7774,11.39999962,5.08173418,174.8663177,174.8659973,225.3999939,278.2999878,19.60000038,0.0,95.41877747,827.0911255,7.0,248.0,2021-05-10 21:00:48,14.56999969,14.56999969,0.49000001,1019.400024,1.860000014,3.589999914,300.0,2021-05-10 10:22:56,2021-05-11 00:38:24,16,True,HARD
5281430439,2021-05-11 22:15:29,2830,12.72,10.16049957,2402,10.89999962,5.295628548,42.99197006,42.99200058,241.8999939,269.7000122,26.10000038,0.0,92.63687897,248.1029205,6.0,63.0,2021-05-11 22:00:32,12.18000031,12.18000031,0.409999996,1024.300049,2.779999971,6.050000191,345.0,2021-05-11 10:22:56,2021-05-12 00:38:24,18,False,NORMAL
5293004652,2021-05-13 23:44:39,2951,17.85,10.16049957,2864,9.600000381,6.234008312,53.27724457,52.47719955,244.3000031,276.3999939,6.5,0.004480739,103.4681778,330.4105835,5.0,51.0,2021-05-13 23:00:16,18.05999947,18.05999947,0.289999992,1025.5,1.929999948,3.289999962,8.0,2021-05-13 10:20:48,2021-05-14 00:40:32,15,False,NORMAL
5297308458,2021-05-14 18:30:25,5448,9.38,10.16049957,1509,11.60000038,6.22160387,30.84444427,30.84440041,245.3999939,269.7000122,4.400000095,0.0,120.4187775,202.6091766,5.0,27.0,2021-05-14 17:59:28,19.44000053,19.44000053,0.25999999,1026.5,1.070000052,1.840000033,231.0,2021-05-14 10:18:40,2021-05-15 00:40:32,20,False,NORMAL
5303113563,2021-05-15 16:27:38,12589,36.11,10.16049957,9009,12.30000019,4.009101868,133.6770325,133.5769958,244.3000031,281.8999939,10.30000019,0.00027687,98.04356384,984.8513794,7.0,287.0,2021-05-15 16:00:00,22.29000092,22.29000092,0.270000011,1025.699951,0.99000001,1.340000033,217.0,2021-05-15 10:18:40,2021-05-16 00:42:40,33,False,HARD
5309967633,2021-05-16 21:01:08,8081,21.56,10.16049957,6328,11.89999962,3.40775919,57.36696243,57.16699982,245.3999939,281.3999939,5.400000095,0.000927459,90.29849243,637.1209106,5.0,114.0,2021-05-16 21:00:48,22.23999977,22.23999977,0.379999995,1021.700012,1.460000038,1.879999995,167.0,2021-05-16 10:16:32,2021-05-17 00:42:40,44,True,NORMAL
5331524115,2021-05-20 21:01:56,9346,12.01,10.16049957,3425,9.100000381,3.50709486,33.51892471,33.51892471,245.3999939,269.7000122,9.800000191,0.0,97.49938965,372.3379822,3.0,28.0,2021-05-20 21:00:48,29.69000053,29.69000053,0.340000004,1025.099976,3.220000029,4.059999943,152.0,2021-05-20 10:14:24,2021-05-21 00:46:56,55,False,EASY
5333556405,2021-05-21 12:03:17,1681,3.29,10.16049957,1204,10.30000019,2.73438549,10.28666687,9.686666489,266.7999878,274.8999939,7.099999905,0.018224895,112.4093857,150.9051056,3.0,10.0,2021-05-21 12:01:04,18.54999924,18.54999924,0.709999979,1029.300049,1.309999943,3.519999981,196.0,2021-05-21 10:12:16,2021-05-22 00:49:04,19,False,EASY
5335849495,2021-05-21 21:25:14,3172,11.2,10.16049957,2763,9.5,4.056134701,26.68333244,26.68333244,245.3999939,269.7000122,4.099999905,0.0,77.02991486,237.3095245,5.0,49.0,2021-05-21 21:00:48,30.54000092,30.54000092,0.349999994,1028.400024,2.579999924,3.130000114,212.0,2021-05-21 10:12:16,2021-05-22 00:49:04,24,True,NORMAL
5341603813,2021-05-22 21:28:18,7407,17.37,10.16049957,5254,9.100000381,3.307365894,73.2827301,72.88272858,241.8999939,276.7999878,23.20000076,0.002301906,90.42360687,529.72052,5.0,94.0,2021-05-22 21:00:48,28.78000069,28.78000069,0.349999994,1024.699951,3.089999914,4.929999828,284.0,2021-05-22 10:12:16,2021-05-23 00:49:04,26,False,NORMAL
5357216573,2021-05-25 18:07:46,3355,11.42,10.16049957,2391,12.19999981,4.7797575,26.22461128,25.22461128,245.3999939,269.8999939,6.5,0.008750131,112.339592,299.4934082,6.0,63.0,2021-05-25 17:59:28,30.82999992,30.82999992,0.379999995,1018.700012,3.799999952,6.710000038,243.0,2021-05-25 10:10:08,2021-05-26 00:51:12,36,True,NORMAL
5414000885,2021-06-04 20:11:20,4293,10.03,10.16049957,2573,10.10000038,3.899261475,11.46380997,11.46380997,262.2999878,269.7000122,6.599999905,0.0,83.87054443,240.6157837,,,2021-06-04 19:58:56,27.95000076,28.35000038,0.49000001,1014.400024,2.190000057,4.610000134,280.0,2021-06-04 10:05:52,2021-06-05 00:59:44,29,False,
5431902277,2021-06-07 21:51:46,4305,14.58,10.16049957,3473,9.399999619,4.198589325,64.78809357,64.08809662,241.8999939,270.0,14.69999981,0.004800538,94.04241943,364.1693726,6.0,91.0,2021-06-07 21:00:48,28.25,30.17000008,0.629999995,1015.400024,2.940000057,5.559999943,207.0,2021-06-07 10:05:52,2021-06-08 01:01:52,53,False,NORMAL
5443947412,2021-06-09 23:38:53,5540,25.35,10.16049957,4566,12.30000019,5.552365303,90.40156555,90.40156555,241.8999939,275.2000122,25.0,0.0,107.6077576,547.8407593,7.0,145.0,2021-06-09 23:00:16,24.77000046,25.32999992,0.779999971,1015.900024,1.340000033,2.710000038,165.0,2021-06-09 10:05:52,2021-06-10 01:01:52,50,False,HARD
5502826534,2021-06-20 16:59:30,6500,12.35,10.16049957,4037,9.0,3.059400558,24.52000427,24.12000465,209.3999939,220.8999939,8.5,0.003238657,61.30057907,275.9295349,,,2021-06-20 16:00:00,27.40999985,29.87999916,0.730000019,1007.900024,2.910000086,5.559999943,218.0,2021-06-20 09:53:04,2021-06-21 01:04:00,24,True,
5513440238,2021-06-22 21:01:27,3475,17.28,10.16049957,3050,9.899999619,5.667245865,74.39674377,63.59674454,244.3999939,281.8999939,10.0,0.06248156,105.0409088,357.217865,7.0,97.0,2021-06-22 21:00:48,20.20000076,20.20000076,0.349999994,1015.5,3.690000057,7.039999962,344.0,2021-06-22 10:05:52,2021-06-23 01:06:08,33,False,HARD
5513980321,2021-06-22 23:44:03,3237,17.08,10.16049957,2867,13.69999981,5.959295273,58.82523727,69.42523956,244.3000031,281.8999939,16.0,-0.062041637,97.34255981,311.1754456,6.0,75.0,2021-06-22 23:00:16,19.82999992,19.82999992,0.389999986,1016.299988,3.00999999,5.28000021,320.0,2021-06-22 10:05:52,2021-06-23 01:06:08,30,False,NORMAL
5580502904,2021-07-05 15:35:24,11919,17.65,10.16049957,5974,9.5,2.955641031,74.44940186,74.44940186,241.8999939,277.0,18.60000038,0.0,86.80523682,578.2105713,5.0,107.0,2021-07-05 15:00:16,29.54000092,32.38999939,0.620000005,1017.299988,1.840000033,3.349999905,293.0,2021-07-05 10:10:08,2021-07-06 01:06:08,40,True,NORMAL
5584311964,2021-07-06 14:10:33,795,4.66,10.16049957,746,9.899999619,6.254959583,6.327777863,24.02777863,245.3999939,269.7000122,2.5,-0.379323661,83.92539215,69.80830383,5.0,13.0,2021-07-06 14:00:32,28.26000023,31.28000069,0.709999979,1018.599976,2.960000038,3.769999981,289.0,2021-07-06 10:10:08,2021-07-07 01:06:08,22,False,NORMAL
5584796627,2021-07-06 15:54:20,955,4.65,10.16049957,852,9.5,5.460093975,24.0,6.800000191,245.3999939,269.3999939,4.199999809,0.369733453,124.2059631,117.993187,5.0,15.0,2021-07-06 15:00:16,29.60000038,33.5,0.670000017,1018.200012,2.529999971,3.970000029,278.0,2021-07-06 10:10:08,2021-07-07 01:06:08,23,False,NORMAL
5626280101,2021-07-14 12:50:28,3903,11.88,10.16049957,2917,9.399999619,4.072334766,31.34000015,31.34000015,245.3999939,269.7000122,6.699999809,0.0,96.34021759,313.3422241,5.0,52.0,2021-07-14 12:01:04,22.29000092,22.85000038,0.870000005,1022.099976,1.340000033,3.0,237.0,2021-07-14 10:16:32,2021-07-15 01:01:52,32,True,NORMAL
5643301879,2021-07-17 16:55:32,6573,26.16,10.16049957,5503,10.89999962,4.755242825,135.8461151,135.3461151,244.3000031,284.2000122,11.80000019,0.001910723,84.89286041,520.8894043,5.0,99.0,2021-07-17 16:00:00,24.75,25.38999939,0.810000002,1016.0,3.150000095,4.730000019,300.0,2021-07-17 10:18:40,2021-07-18 00:59:44,29,False,NORMAL
5647057221,2021-07-18 12:18:56,1468,7.28,10.16049957,1359,8.800000191,5.361221313,38.76666641,33.06666565,244.8999939,276.6000061,4.800000191,0.078233302,99.42881775,150.6629944,4.0,15.0,2021-07-18 12:01:04,18.12000084,18.39999962,0.930000007,1022.900024,0.389999986,0.870000005,330.0,2021-07-18 10:20:48,2021-07-19 00:59:44,44,False,EASY
5647427819,2021-07-18 12:59:53,2786,8.78,10.16049957,1898,11.5,4.629030704,33.15000153,38.84999847,241.8999939,276.8999939,12.19999981,-0.064876676,97.09888458,205.4874573,5.0,34.0,2021-07-18 12:01:04,17.57999992,17.88999939,0.949999988,1022.900024,0.50999999,1.129999995,343.0,2021-07-18 10:20:48,2021-07-19 00:59:44,21,False,NORMAL
5657666349,2021-07-20 11:57:27,5832,12.63,10.16049957,3615,13.10000038,3.493692875,44.6730957,43.6730957,241.8000031,270.2000122,16.79999924,0.007917845,98.67758179,397.7421875,5.0,65.0,2021-07-20 10:59:12,19.17000008,19.54999924,0.920000017,1017.5,1.080000043,1.080000043,344.0,2021-07-20 10:22:56,2021-07-21 00:57:36,21,False,NORMAL
5684686898,2021-07-25 12:57:05,770,2.35,10.16049957,636,7.599999905,3.69449687,2.796296358,1.996296287,266.7999878,269.7000122,5.599999905,0.0340469,75.99333191,53.88991165,,,2021-07-25 11:58:56,22.54999924,23.39999962,0.970000029,1013.299988,1.519999981,3.380000114,262.0,2021-07-25 10:25:04,2021-07-26 00:53:20,27,True,
5696492733,2021-07-27 17:07:25,2201,3.76,10.16049957,1220,10.60000038,3.083688498,6.688333511,7.08833313,266.3999939,270.6000061,7.800000191,-0.010632359,97.74102783,132.9571228,,,2021-07-27 16:59:44,30.48999977,30.80999947,0.439999998,1018.0,1.470000029,2.279999971,247.0,2021-07-27 10:27:12,2021-07-28 00:53:20,19,True,
5698018769,2021-07-27 23:01:26,1880,9.16,10.16049957,1743,11.80000019,5.258978844,40.95833206,35.15833282,241.8999939,276.7999878,16.20000076,0.06327457,110.5379181,214.8243561,,,2021-07-27 23:00:16,30.05999947,31.29000092,0.50999999,1015.799988,1.460000038,2.420000076,258.0,2021-07-27 10:27:12,2021-07-28 00:53:20,21,False,
5698211851,2021-07-27 23:59:11,1919,7.79,10.16049957,1509,12.19999981,5.168058395,33.25749969,39.75749969,242.5,277.2999878,10.5,-0.083348297,110.286171,185.5603333,,,2021-07-27 23:00:16,28.94000053,29.92000008,0.529999971,1016.0,2.49000001,2.49000001,288.0,2021-07-27 10:27:12,2021-07-28 00:53:20,36,False,
5721992926,2021-08-01 13:32:37,6299,18.95,10.16049957,4153,9.899999619,4.563110828,72.3171463,72.3171463,242.6000061,277.7000122,12.30000019,0.0,91.9487381,425.7773743,5.0,74.0,2021-08-01 13:00:48,18.37000084,18.45000076,0.839999974,1013.900024,1.620000005,2.710000038,270.0,2021-08-01 10:31:28,2021-08-02 00:49:04,7,False,NORMAL
5734625105,2021-08-03 21:21:18,4260,14.4,10.16049957,2604,11.69999981,5.529800415,72.07976532,72.07976532,241.8999939,276.8999939,8.600000381,0.0,105.7729263,307.1074524,8.0,112.0,2021-08-03 21:00:48,27.54000092,27.54000092,0.389999986,1017.099976,1.889999986,3.0,29.0,2021-08-03 10:33:36,2021-08-04 00:44:48,25,False,HARD
5738268973,2021-08-04 15:41:56,1430,7.5,10.16049957,1383,9.0,5.428995132,30.77388954,30.07388878,264.7999878,272.8999939,7.800000191,0.009323016,82.37187958,127.0211487,,,2021-08-04 15:00:16,24.65999985,24.65999985,0.50999999,1020.200012,2.50999999,3.559999943,56.0,2021-08-04 10:35:44,2021-08-05 00:44:48,22,True,
5744211917,2021-08-05 16:32:02,4163,11.2,10.16049957,3085,11.69999981,3.632674217,32.69729614,32.69729614,245.3999939,269.7000122,25.0,0.0,104.8058701,360.5086365,6.0,81.0,2021-08-05 16:00:00,27.39999962,27.45000076,0.449999988,1021.0,0.829999983,1.450000048,87.0,2021-08-05 10:35:44,2021-08-06 00:42:40,24,True,NORMAL
5750241138,2021-08-06 22:02:40,3604,17.25,10.16049957,3055,13.10000038,5.646906853,73.56345367,62.46345139,244.3999939,281.8999939,10.10000038,0.064342976,110.8647614,377.6414185,,,2021-08-06 22:00:32,28.95999908,29.87000084,0.519999981,1016.900024,2.660000086,4.289999962,225.0,2021-08-06 10:37:52,2021-08-07 00:42:40,21,False,
5750871836,2021-08-07 02:17:42,3117,16.99,10.16049957,2902,12.5,5.856478214,59.28662491,69.08662415,244.3000031,281.8999939,17.20000076,-0.057662323,93.24678802,301.7214355,6.0,76.0,2021-08-07 01:59:28,23.34000015,23.72999954,0.75999999,1017.5,1.639999986,2.829999924,202.0,2021-08-06 10:37:52,2021-08-07 00:42:40,36,False,NORMAL
5770318350,2021-08-10 16:17:07,1881,9.6,10.16049957,1523,10.89999962,6.302954674,31.50052834,31.50052834,245.3999939,269.7000122,4.0,0.0,113.4512177,192.6566162,6.0,40.0,2021-08-10 16:00:00,28.13999939,32.27000046,0.790000021,1016.5,5.590000153,8.699999809,224.0,2021-08-10 10:40:00,2021-08-11 00:36:16,25,False,NORMAL
5799053437,2021-08-15 17:40:43,8891,17.92,10.16049957,5081,9.899999619,3.527711153,29.97412872,30.0741291,209.1999969,222.5,37.20000076,-0.000557902,73.36253357,415.6218567,,,2021-08-15 16:59:44,22.85000038,22.85000038,0.589999974,1023.799988,2.099999905,3.180000067,65.0,2021-08-15 10:37:52,2021-08-16 00:27:44,21,False,
5804747385,2021-08-16 22:55:44,8164,21.95,10.16049957,5212,11.39999962,4.212893486,64.10915375,63.50915146,245.3999939,281.5,6.0,0.002732539,107.137886,622.6189575,6.0,137.0,2021-08-16 22:00:32,24.59000015,25.25,0.819999993,1016.099976,0.810000002,1.899999976,88.0,2021-08-16 10:46:24,2021-08-17 00:29:52,43,False,NORMAL
5821280543,2021-08-19 23:26:59,8684,34.33,10.16049957,5935,14.89999962,5.784313202,136.5603943,136.5603943,244.3000031,281.8999939,17.29999924,0.0,80.14440918,530.357605,,,2021-08-19 23:00:16,28.93000031,30.90999985,0.600000024,1016.0,1.129999995,1.129999995,285.0,2021-08-19 10:50:40,2021-08-20 00:25:36,14,False,
5825835473,2021-08-20 21:46:33,7622,13.07,10.16049957,4465,10.19999981,2.928465843,46.97000122,46.86999893,245.3999939,270.0,8.800000191,0.000764783,94.62927246,471.1094666,5.0,80.0,2021-08-20 21:00:48,29.28000069,31.35000038,0.589999974,1012.5,1.690000057,1.940000057,73.0,2021-08-20 10:50:40,2021-08-21 00:23:28,25,True,NORMAL
5896380241,2021-09-02 22:18:21,10742,33.1,10.16049957,6200,14.0,5.339435577,83.9733429,83.9733429,219.6999969,231.3000031,8.5,0.0,109.7780533,758.8956909,7.0,198.0,2021-09-02 22:00:32,24.79000092,24.79000092,0.49000001,1018.299988,2.730000019,3.619999886,14.0,2021-09-02 11:03:28,2021-09-03 00:04:16,22,False,HARD
5934761228,2021-09-09 23:07:25,3551,19.52,10.16049957,3346,9.899999619,5.833801746,70.87809753,70.87809753,244.3999939,276.3999939,6.699999809,0.0,95.72148895,357.1167908,5.0,60.0,2021-09-09 23:00:16,22.11000061,22.11000061,0.469999999,1014.200012,2.74000001,5.28000021,329.0,2021-09-09 11:09:52,2021-09-09 23:53:36,45,True,NORMAL
5967161006,2021-09-15 23:39:55,1673,10.58,10.16049957,1487,15.69999981,7.119905949,34.34190369,34.14190292,151.6999969,170.6000061,8.5,0.001889056,114.976593,190.6317749,10.0,90.0,2021-09-15 23:00:16,23.89999962,24.31999969,0.75999999,1014.599976,2.140000105,3.460000038,7.0,2021-09-15 11:20:32,2021-09-15 23:47:12,32,True,HARD
5976929584,2021-09-17 23:26:51,2734,15.63,10.16049957,2581,12.39999962,6.055792332,36.28526306,35.88526535,146.1000061,157.3999939,7.599999905,0.002559181,94.33876038,271.489502,5.0,46.0,2021-09-17 23:00:16,27.46999931,29.20000076,0.649999976,1017.700012,1.309999943,2.359999895,181.0,2021-09-17 11:22:40,2021-09-17 23:42:56,23,False,NORMAL
5990296028,2021-09-20 11:41:28,2134,11.95,10.16049957,1985,11.19999981,6.02171278,51.46607208,35.26607132,151.8999939,185.5,28.89999962,0.135529697,113.9236298,252.1443176,8.0,85.0,2021-09-20 10:59:12,20.79000092,21.55999947,1.0,1018.299988,2.519999981,6.389999866,139.0,2021-09-20 11:24:48,2021-09-20 23:38:40,36,True,HARD
5995495283,2021-09-21 12:04:31,1986,11.45,10.16049957,1875,10.10000038,6.108960152,20.58640671,49.38640594,151.8999939,185.3999939,5.199999809,-0.251433969,100.2841415,209.6565399,,,2021-09-21 11:58:56,19.98999977,20.53000069,0.949999988,1018.5,2.769999981,7.820000172,151.0,2021-09-21 11:26:56,2021-09-21 23:36:32,7,False,
6009072937,2021-09-23 20:37:00,11335,41.05,10.16049957,6524,12.69999981,6.292259216,89.42992401,89.42992401,152.0,185.5,27.20000076,0.0,112.7363281,820.0733643,,,2021-09-23 20:01:04,18.54000092,18.54000092,0.550000012,1013.799988,4.630000114,7.920000076,277.0,2021-09-23 11:26:56,2021-09-23 23:34:24,23,True,
6019329849,2021-09-25 19:53:16,12841,13.21,10.16049957,2586,10.39999962,5.110750198,32.84818268,63.44818115,152.0,185.3000031,21.5,-0.231530517,100.6642761,290.254364,5.0,46.0,2021-09-25 18:59:12,20.44000053,20.44000053,0.540000021,1016.5,3.670000076,5.71999979,281.0,2021-09-25 11:29:04,2021-09-25 23:30:08,45,False,NORMAL
6035300212,2021-09-28 22:42:38,3323,12.42,10.16049957,2875,11.60000038,4.321530342,50.74341965,50.74341965,151.8999939,185.5,29.39999962,0.0,106.8576889,342.5456848,6.0,75.0,2021-09-28 22:00:32,27.12000084,28.71999931,0.660000026,1012.5,1.75,2.75,313.0,2021-09-28 11:31:12,2021-09-28 23:25:52,19,False,NORMAL
6040356169,2021-09-29 22:27:22,4378,18.28,10.16049957,4290,14.39999962,4.262937069,147.4461975,147.4461975,151.6000061,189.0,26.79999924,0.0,109.9486237,525.9227295,7.0,137.0,2021-09-29 22:00:32,26.13999939,26.13999939,0.50999999,1016.700012,1.879999995,3.130000114,53.0,2021-09-29 11:33:20,2021-09-29 23:23:44,31,False,HARD
6089390730,2021-10-09 19:20:10,11216,54.41,10.16049957,9110,16.39999962,5.973150253,123.4830704,80.48307037,153.8000031,226.3999939,17.5,0.079021744,106.7440109,1084.268311,7.0,291.0,2021-10-09 18:59:12,26.82999992,27.5,0.540000021,1015.0,2.410000086,3.410000086,190.0,2021-10-09 11:44:00,2021-10-09 23:08:48,39,True,HARD
6089991637,2021-10-10 01:44:16,3192,21.97,10.16049957,3042,14.89999962,7.224621773,21.19666672,95.49666595,152.0,226.3000031,5.300000191,-0.338076115,118.2158508,400.9680786,8.0,130.0,2021-10-10 00:59:44,20.76000023,20.96999931,0.800000012,1014.700012,1.970000029,3.950000048,146.0,2021-10-09 11:41:52,2021-10-09 23:08:48,23,True,HARD
6099719828,2021-10-11 22:18:04,5772,35.19,10.16049957,5534,13.10000038,6.3595047,51.92367935,81.42368317,153.3999939,185.5,3.200000048,-0.083822295,105.7405853,652.4627686,6.0,146.0,2021-10-11 22:00:32,26.77000046,27.81999969,0.600000024,1010.0,4.630000114,8.550000191,159.0,2021-10-11 11:44:00,2021-10-11 23:04:32,23,True,NORMAL
6109287368,2021-10-13 21:32:11,3205,15.99,10.16049957,2785,12.0,5.744631767,63.56519318,63.56519318,146.1000061,185.3999939,35.59999847,0.0,122.6085663,380.7333069,6.0,73.0,2021-10-13 21:00:48,25.37999916,25.37999916,0.540000021,1015.200012,2.410000086,4.239999771,199.0,2021-10-13 11:46:08,2021-10-13 23:02:24,39,True,NORMAL
6114432363,2021-10-14 21:23:13,11794,55.71,10.16049957,10245,15.80000019,5.438594341,375.4645996,397.3649902,150.8000031,250.1000061,15.39999962,-0.039304789,117.3909149,1340.977905,8.0,441.0,2021-10-14 21:00:48,28.56999969,30.87999916,0.639999986,1012.599976,2.940000057,4.570000172,213.0,2021-10-14 11:46:08,2021-10-14 23:00:16,35,False,HARD
6114600993,2021-10-15 01:35:52,975,5.42,10.16049957,925,10.69999981,5.866378307,11.34107113,16.64109993,153.8000031,170.6000061,8.5,-0.097670645,97.17995453,100.2290192,7.0,29.0,2021-10-15 00:59:44,22.60000038,23.04000092,0.819999993,1013.099976,1.779999971,3.589999914,168.0,2021-10-14 11:46:08,2021-10-14 23:00:16,22,False,HARD
6122707646,2021-10-16 16:38:27,5172,12.2,10.16049957,4221,8.899999619,2.892418861,64.01447296,64.01447296,153.3999939,185.5,46.79999924,0.0,86.1829071,405.6125183,,,2021-10-16 16:00:00,13.89000034,13.89000034,0.720000029,1016.400024,5.650000095,9.199999809,295.0,2021-10-16 11:48:16,2021-10-16 22:58:08,28,True,
6133278115,2021-10-18 20:29:13,5174,16.13,10.16049957,3882,11.5,4.155074596,64.06095123,64.06095123,146.1000061,185.3999939,32.90000153,0.0,86.66514587,375.1240234,4.0,43.0,2021-10-18 19:58:56,21.14999962,21.14999962,0.330000013,1020.0,2.730000019,4.210000038,298.0,2021-10-18 11:52:32,2021-10-18 22:56:00,19,True,EASY
6171054343,2021-10-26 20:07:32,2649,15.47,10.16049957,2468,18.29286385,6.270530701,44.33955002,59.93954849,146.1000061,185.5,16.6684761,-0.10080339,102.4842377,282.0181885,6.0,65.0,2021-10-26 19:58:56,14.46000004,14.46000004,0.469999999,1015.599976,3.710000038,5.260000229,338.0,2021-10-26 12:01:04,2021-10-26 22:45:20,20,True,NORMAL
6431301254,2021-12-26 18:53:24,10818,41.2,10.16049957,10007,10.39179707,4.117877483,87.30950165,87.30950165,153.5,185.5,26.32788849,0.0,87.11764526,972.041687,7.0,319.0,2021-12-26 17:59:28,10.68000031,10.68000031,0.639999986,1018.099976,0.879999995,1.769999981,17.0,2021-12-26 12:56:32,2021-12-26 22:21:52,31,True,HARD
6447072083,2021-12-30 14:28:32,2726,9.49,10.16049957,2330,10.56406212,4.076222897,76.62241364,73.82240295,151.6000061,186.3999939,9.161722183,0.029481133,94.77965546,246.2329254,,,2021-12-30 14:00:32,6.920000076,6.920000076,0.930000007,1013.0,1.00999999,1.870000005,96.0,2021-12-30 12:58:40,2021-12-30 22:24:00,30,False,
6448429957,2021-12-30 20:00:39,2157,9.39,10.16049957,1895,12.93798828,4.95853281,74.63788605,77.337883,151.6000061,186.3999939,38.54252625,-0.028734349,118.1591949,249.6615143,5.0,34.0,2021-12-30 20:01:04,10.59000015,10.59000015,0.850000024,1011.0,1.779999971,3.630000114,218.0,2021-12-30 12:58:40,2021-12-30 22:24:00,41,False,NORMAL
