start_time,ride_id,row_count,segment_count,end_time,elapsed_time,moving_time,elapsed_distance,elapsed_ascent,elapsed_descent,max_speed,avg_speed,ride_cruise_speed,avg_power,ride_avg_power,ride_max_power,peak_20min_power,training_window_id,perceived_exertion,simple_exertion,perceived_relative_effort,ride_work,hours_since_last_ride,active_time_ratio,ftp_power,intensity,time_intensity
2020-09-02 21:21:17+00:00,4003175803,4224,15,2020-09-02 22:46:42+00:00,5151,4173,14.66691938,611.2503,612.5627,28.6328324250186,12.52273936,14.54142812,95.57357788,112.72417,1058.440085,146.0824245,4,5.0,NORMAL,75.0,580.64219967,75.30083333333333,0.8101339545719278,146.0824245,0.7716477213862233,46.48821145948783
2020-10-24 20:44:22+00:00,4238817655,2097,5,2020-10-24 21:22:49+00:00,2308,2058,7.747065308,192.2666,146.9888,22.145705147725863,13.31279428,15.12342755,103.1366272,118.2320058,606.5923624,144.1909705,5,7.0,HARD,65.0,272.8794693864,0.0183333333333333,0.891681109185442,144.4606003,0.8184377301109691,0.0144464305126504
2021-09-20 11:41:28+00:00,5990296028,2013,4,2021-09-20 12:17:01+00:00,2134,1985,7.445935707,201.7815,148.6293,25.0537275749814,13.36336435,15.7232314,113.9236298,129.7810229,1067.198334,136.5508655,11,8.0,HARD,85.0,276.95270286860006,59.48638888888889,0.930178069353327,169.0207949,0.7678405664627483,35.72947670728156
2020-10-16 19:04:26+00:00,4203579387,3169,8,2020-10-16 20:06:37+00:00,3786,3114,11.22530108,318.9132,320.8818,20.57984757274446,12.76784338,14.524287,98.02722168,104.3733307,522.1929858,128.4413988,5,7.0,HARD,99.0,395.1574300302,459.5819444444445,0.8225039619651348,144.4606003,0.722503786383615,292.2377044356263
2020-08-06 22:28:05+00:00,3875911617,1159,11,2020-08-06 23:46:19+00:00,4720,1141,3.171579146,78.4159,58.0737,29.751302425018604,9.914663097,15.00244795,110.3790054,94.0701933,615.1641047,,3,5.0,NORMAL,20.0,444.011312376,4.995833333333334,0.2417372881355932,161.3230235,0.5831169740009243,3.202161990288796
2021-04-20 14:38:06+00:00,5161949989,9349,36,2021-04-20 17:54:09+00:00,11775,9088,23.20673013,400.9382,400.9382,36.4621202999256,8.954820524,12.38577644,76.93447113,59.84404341,2612.40875,85.18988148,8,6.0,NORMAL,239.0,704.66361115275,253.35944444444445,0.7718046709129511,150.1598381,0.3985356148968836,152.66334784635163
2020-07-10 23:23:17+00:00,3743546997,5366,11,2020-07-11 00:57:50+00:00,5709,5286,18.87641008,616.4999,583.3618,29.3039148500372,12.67023185,14.59258678,102.8682098,112.9490005,894.030234,150.5212167,3,5.0,NORMAL,95.0,644.8258438544999,59.25361111111111,0.925906463478718,161.3230235,0.700141852350046,33.55041089441372
2020-07-22 23:28:27+00:00,3803410526,3085,8,2020-07-23 00:23:22+00:00,3321,3040,11.19031698,307.4297,308.0859,21.47462485227414,13.06786464,15.53697803,106.7290649,118.1284696,580.162027,147.2275362,3,6.0,NORMAL,80.0,392.3046475416001,166.75583333333333,0.9153869316470944,161.3230235,0.73224805137625,89.86645843492117
2021-05-21 12:03:17+00:00,5333556405,1212,7,2021-05-21 12:27:42+00:00,1681,1204,2.113146924,58.0737,56.1051,23.0404824250186,6.292099591,14.32632996,112.4093857,51.3503181,590.2887612,51.86240002,9,3.0,EASY,10.0,86.3198847261,12.464166666666667,0.7162403331350387,136.2657024,0.3768396389963495,8.706880788440836
2021-06-22 23:44:03+00:00,5513980321,2898,7,2021-06-23 00:36:06+00:00,3237,2867,10.56431387,302.5082,337.2868,30.6460775749814,13.13965405,14.79542057,97.34255981,112.0915804,2743.149105,133.3127114,9,6.0,NORMAL,75.0,362.8404457548,1.7447222222222225,0.8856966326845845,136.2657024,0.8225956966850082,0.9533942477138476
2020-05-21 22:17:30+00:00,3491112140,3705,24,2020-05-22 00:04:18+00:00,6634,3655,9.754155541,359.2695,359.5976,22.145705147725863,9.501188104,13.8616812,94.3176651,78.82404085,577.8818796,121.9621554,2,4.0,EASY,40.0,522.9186869989,23.496111111111112,0.5509496533011757,150.497627,0.5237560380270979,15.056169210749752
2020-08-20 21:10:09+00:00,3942695122,889,8,2020-08-20 21:43:26+00:00,2000,871,2.407645132,79.4002,80.7126,42.725554850037206,9.778108175,16.07332013,108.6206894,127.5637216,2252.510004,,4,3.0,EASY,7.0,255.1274432,21.210555555555555,0.4355,146.0824245,0.8732311367135065,10.86606922712967
2021-01-22 20:54:37+00:00,4664342824,3235,15,2021-01-22 21:58:58+00:00,3913,3176,10.19360545,229.9981,229.0138,23.9352575749814,11.36868745,13.9791996,86.15606689,86.49927804,403.2457841,109.3741064,6,7.0,HARD,101.0,338.4716749705199,22.08361111111111,0.8116534628162535,155.2386734,0.5572018630764722,16.911499097974716
2021-08-03 21:21:18+00:00,5734625105,2686,15,2021-08-03 22:32:16+00:00,4260,2604,8.942218538,294.6338,294.6338,26.1721975749814,11.99818363,15.57194391,105.7729263,111.0491026,583.574984,,10,8.0,HARD,112.0,473.069177076,54.08555555555556,0.6112676056338028,149.0208869,0.745191529255353,35.21796866505742
2020-04-18 20:01:32+00:00,3318357988,3779,10,2020-04-18 21:15:05+00:00,4413,3733,10.90666784,127.3028,127.959,22.145705147725863,10.39680278,12.05602427,,63.86391436,333.7760684,79.13334771,1,4.0,EASY,41.0,281.83145407068,31.23444444444445,0.8459098119193292,134.2664899,0.4756504352468366,19.854732502764502
2021-08-07 02:17:42+00:00,5750871836,2934,6,2021-08-07 03:09:39+00:00,3117,2902,10.57583726,306.7735,338.9273,27.96175,13.025397,14.5298213,93.24678802,109.5181691,5647.777715,134.2835561,10,6.0,NORMAL,76.0,341.3681330847,3.2608333333333333,0.931023419955085,149.0208869,0.7349182478929401,1.828286775775344
2021-10-09 19:20:10+00:00,6089390730,9143,24,2021-10-09 22:27:06+00:00,11216,9110,33.73258689,563.6758,422.5928,36.6858151499628,13.29758233,15.05089902,106.7440109,120.3525145,1292.19833,,11,7.0,HARD,291.0,1349.873802632,235.66361111111112,0.8122325249643366,169.0207949,0.7120574398623893,153.82236517393412
2020-07-04 12:17:09+00:00,3712163423,5250,5,2020-07-04 13:50:45+00:00,5621,5235,15.75944695,246.7312,246.4031,18.566602427255543,10.81073705,11.5758116,79.25162506,64.51733947,317.3264855,77.46569192,3,2.0,EASY,24.0,362.65196516087,59.59166666666667,0.9313289450275752,161.3230235,0.3999264213517545,32.786711085715446
2020-12-14 17:05:27+00:00,4472002417,1968,5,2020-12-14 17:43:01+00:00,2611,1963,6.980239026,127.3028,128.2871,22.145705147725863,12.77964669,14.26002995,85.62465668,99.01176593,286.7894481,119.2865638,6,2.0,EASY,9.0,258.51972084323,90.935,0.7518192263500575,155.2386734,0.6378034787432033,54.03459123773584
2020-09-24 00:27:29+00:00,4104212687,3343,9,2020-09-24 01:31:34+00:00,3851,3293,9.136591845,354.348,356.3166,25.5011151499628,9.848654797,12.51545576,90.98030853,78.0102222,1198.365114,104.2678645,4,2.0,EASY,15.0,300.4173656922,123.06027777777778,0.8551025707608413,146.0824245,0.5340151114482632,70.302143671708
2020-07-16 00:02:32+00:00,3768736363,2330,6,2020-07-16 00:43:06+00:00,2435,2289,8.755222948,308.7421,310.7107,30.198690000000003,13.58107765,16.01569998,115.0665436,138.0273202,4401.023163,160.0720156,3,6.0,NORMAL,60.0,336.096524687,23.265,0.940041067761807,161.3230235,0.8555959168469216,12.392098531147695
2021-06-22 21:01:27+00:00,5513440238,3075,10,2021-06-22 21:59:22+00:00,3475,3050,10.75815011,349.0984,313.6636,22.145705147725863,12.60963371,15.08823837,105.0409088,113.1020693,870.9050428,134.8431559,9,7.0,HARD,97.0,393.0296908175,50.2275,0.8776978417266187,136.2657024,0.8300112743557104,40.52313172280679
2021-12-26 18:53:24+00:00,6431301254,10122,14,2021-12-26 21:52:03+00:00,10818,10007,25.83518635,395.3605,395.3605,23.245826537765804,9.190626639,12.67163874,87.11764526,60.66764654,864.3636467,92.15423496,12,7.0,HARD,319.0,656.3026002697201,1462.028611111111,0.9250323534849324,141.3577579,0.4291780475389105,816.7680388138124
2021-10-13 21:32:11+00:00,6109287368,2808,12,2021-10-13 22:25:12+00:00,3205,2785,9.6342662,326.1314,326.1314,26.84328,12.36740026,16.52883709,122.6085663,130.0610881,820.9110893,153.1778182,11,6.0,NORMAL,73.0,416.8457873605,45.63333333333333,0.8689547581903276,169.0207949,0.7694975531084786,26.159550682689908
2020-06-07 14:23:23+00:00,3578546511,3971,7,2020-06-07 15:35:04+00:00,4352,3957,14.5010218,556.4576,558.0981,28.6328324250186,13.15419739,14.42690204,103.5538864,114.9355634,946.530146,133.9436587,2,5.0,NORMAL,71.0,500.1995719168,14.084444444444443,0.9092371323529412,150.497627,0.7637034928132124,8.336152527407931
2020-04-13 18:10:15+00:00,3294902966,1860,9,2020-04-13 18:52:41+00:00,2600,1799,4.852929041,238.2006,238.2006,23.7115648500372,9.406777904,12.31789185,,79.15294535,400.2204932,93.04254968,1,7.0,HARD,57.0,205.79765791,25.64361111111111,0.691923076923077,134.2664899,0.589521223120915,16.857776396510438
2021-01-17 19:38:18+00:00,4638471665,3039,16,2021-01-17 20:37:33+00:00,3689,2929,7.572857849,229.0138,229.0138,24.3826451499628,8.980655094,14.59430077,95.29924011,76.91182324,827.8920951,106.3368151,6,7.0,HARD,93.0,283.72771593236,218.5261111111111,0.7939821089726213,155.2386734,0.4954424149311237,131.0845457777955
2021-08-10 16:17:07+00:00,5770318350,1545,5,2021-08-10 16:47:48+00:00,1881,1523,5.9759222,140.4268,140.4268,24.3826451499628,13.93954107,16.16117233,113.4512177,129.7616712,483.3578672,145.8003878,10,6.0,NORMAL,40.0,244.0817035272,85.12444444444445,0.8096757044125465,149.0208869,0.8707616354952723,49.065392301814896
2020-05-30 16:57:50+00:00,3537801646,3294,7,2020-05-30 17:58:54+00:00,3666,3244,10.8676691,318.5851,282.166,20.35615485227414,11.88866548,14.30374164,99.12885284,101.8157804,785.661247,130.7995749,2,6.0,NORMAL,85.0,373.2566509464,15.256944444444445,0.8848881614839061,150.497627,0.6765274803967507,8.9452837707089
2021-03-19 22:31:05+00:00,4975031593,2195,8,2021-03-19 23:14:08+00:00,2708,2119,5.512413953,76.4473,76.4473,21.92201242725554,9.060550783,15.417696,88.02407074,74.9579151,349.2529936,57.07626729,7,5.0,NORMAL,38.0,202.9860340908,70.69833333333334,0.7824963072378139,153.4640507,0.4884395710793003,46.096932297503415
2020-05-24 12:37:45+00:00,3505140940,10341,18,2020-05-24 16:34:47+00:00,14222,10259,40.33796379,1052.2167,1052.2167,50.1074551499628,14.05744087,15.1092098,98.43791962,98.43791962,162816.0175,139.7040268,2,7.0,HARD,327.0,1399.98409283564,37.63944444444444,0.7213472085501336,150.497627,0.6540828688282242,22.324386254640903
2020-12-29 19:00:00+00:00,4535982703,3170,10,2020-12-29 19:59:20+00:00,3562,3131,11.24100529,269.3701,267.4015,23.48787,12.77553924,15.65657925,105.6095123,112.4752098,483.8849349,138.7766466,6,6.0,NORMAL,82.0,400.6366973076,123.73166666666668,0.8790005614823133,155.2386734,0.7245308616506123,75.57306282866828
2020-07-07 00:41:57+00:00,3724676540,3112,6,2020-07-07 01:37:38+00:00,3355,3064,11.29078863,308.0859,308.0859,24.1589524250186,13.06976171,15.43477579,105.4530106,117.4633262,627.9873948,159.1298238,3,6.0,NORMAL,80.0,394.089459401,24.254444444444445,0.9132637853949328,161.3230235,0.7281249982275468,13.28728766160277
2021-09-17 23:26:51+00:00,5976929584,2587,5,2021-09-18 00:12:17+00:00,2734,2581,9.551808577,195.8757,194.5633,27.7380551499628,13.30806067,14.69621772,94.33876038,112.3837389,3420.543692,101.186079,11,5.0,NORMAL,46.0,307.2571421526,47.31777777777778,0.9440380395025604,169.0207949,0.6649107227692963,28.16113370633419
2020-09-17 19:07:52+00:00,4074900404,4701,18,2020-09-17 20:48:49+00:00,6100,4612,11.18108896,471.4797,473.4483,51.225925149962805,8.580334662,18.05069113,102.3370438,102.3370438,14279.09646,,4,5.0,NORMAL,83.0,624.25596718,18.544722222222223,0.7560655737704918,146.0824245,0.7005431635617466,10.983784008399704
2020-04-11 21:08:20+00:00,3286667096,3957,10,2020-04-11 22:24:03+00:00,4558,3904,11.34140832,326.1314,326.1314,26.1721975749814,10.3334688,12.53840604,,78.95678102,2345.325633,98.236627,1,3.0,EASY,32.0,359.88500788916,169.1511111111111,0.8565160157964019,134.2664899,0.5880602157605074,96.70257174999048
2021-07-20 11:57:27+00:00,5657666349,3731,30,2021-07-20 13:34:18+00:00,5832,3615,7.869580628,223.7642,220.4832,29.3039148500372,7.602843133,14.26106914,98.67758179,64.17695806,897.3992528,122.0077537,10,5.0,NORMAL,65.0,374.2800194059201,46.19166666666667,0.6198559670781894,149.0208869,0.4306574695335544,28.234831383843133
2021-07-18 12:59:53+00:00,5647427819,1928,15,2021-07-18 13:45:57+00:00,2786,1898,5.460912365,158.4723,177.174,25.72481,10.22461608,15.37976863,97.09888458,94.77455287,934.7387065,,10,5.0,NORMAL,34.0,264.04190429582,0.2916666666666667,0.6812634601579325,149.0208869,0.6359816723785717,0.1699774520289574
2020-05-16 16:35:08+00:00,3462186653,6420,16,2020-05-16 19:12:47+00:00,9461,6366,21.57494032,740.8498,742.4903,26.1721975749814,12.10788967,13.98613218,95.32161713,101.3374239,830.4872041,135.4024608,2,5.0,NORMAL,114.0,958.7533675179,66.44638888888889,0.6728675615685445,150.497627,0.6733489817749752,38.07350703306686
2020-12-10 20:41:42+00:00,4456136306,4347,15,2020-12-10 22:09:21+00:00,5261,4294,15.38613886,355.0042,352.7075,21.25093,12.76407615,14.72393225,94.09111023,106.0130256,613.5203143,129.3431365,6,5.0,NORMAL,77.0,557.7345276816001,27.76833333333333,0.816194639802319,155.2386734,0.6829034497533911,17.358172586843928
2020-05-01 20:07:49+00:00,3381861723,2700,8,2020-05-01 20:56:30+00:00,2923,2657,8.707117239,234.9196,234.9196,27.7380551499628,11.62207554,13.95054283,90.59703064,95.87043714,480.6150616,101.5220603,2,5.0,NORMAL,47.0,280.22928776022,51.05111111111111,0.9089976052001368,150.497627,0.6370229155839116,31.04385477807236
2020-12-05 20:49:49+00:00,4434685320,2568,21,2020-12-05 21:56:38+00:00,4018,2462,5.735322481,91.2118,91.2118,20.57984757274446,8.060129842,14.72018091,82.71080017,63.79269981,351.4812817,82.52718114,6,5.0,NORMAL,44.0,256.31906783658,50.32972222222222,0.6127426580388253,155.2386734,0.4109330388673625,31.38532250995792
2020-09-18 19:50:38+00:00,4079221652,3888,18,2020-09-18 21:23:52+00:00,5622,3792,13.04919075,344.1769,389.1266,29.751302425018604,12.09572576,15.00058002,106.3830643,109.6273277,669.2894766,137.8193314,4,10.0,HARD,231.0,616.3248363294,23.030277777777776,0.6744930629669157,146.0824245,0.7504484408389593,13.542895159180445
2021-10-14 21:23:13+00:00,6114432363,10410,23,2021-10-15 00:39:33+00:00,11794,10245,34.70426146,1352.7563,1424.6102,35.343652425018604,12.01348803,15.55539683,117.3909149,117.0840373,3354.036989,169.0207949,11,8.0,HARD,441.0,1380.8891359162,22.966944444444444,0.8686620315414617,169.0207949,0.692719717531041,12.979359256020665
2020-06-30 23:43:15+00:00,3695897735,8739,23,2020-07-01 02:46:04+00:00,10981,8598,29.08657436,961.6611,961.9892,24.830034850037205,11.98889484,14.55828502,96.86898041,102.8495532,962.0348186,156.4235888,3,7.0,HARD,274.0,1129.3909436892,3.5908333333333333,0.7829887988343502,161.3230235,0.6375379717576394,2.474524416270812
2020-07-12 11:15:01+00:00,3752089074,13566,23,2020-07-12 15:53:06+00:00,16790,13393,52.49584276,1391.144,1391.144,48.7652902999256,13.93725619,15.5491314,107.2217102,128.6111783,6603.969391,158.4715051,3,8.0,HARD,576.0,2159.3816836570004,31.820833333333333,0.7976771888028589,161.3230235,0.7972276709777882,19.971699715741597
2020-07-01 23:19:25+00:00,3700575573,4421,4,2020-07-02 00:41:39+00:00,4986,4394,17.78782334,510.8517,510.5236,22.593094850037204,14.48961161,15.32629131,108.0009384,131.8905232,895.7413334,142.1915246,3,7.0,HARD,140.0,657.6061486752,20.55583333333333,0.8812675491375852,161.3230235,0.8175554879803005,12.552889574383354
2020-12-03 17:05:01+00:00,4425571905,4036,17,2020-12-03 18:30:02+00:00,5128,3961,13.11505453,292.009,289.0561,21.47462485227414,11.71077662,14.06268333,91.47094727,93.70314671,621.8059326,119.5533458,6,7.0,HARD,126.0,480.50973632888,20.322222222222223,0.7724258970358814,155.2386734,0.6036069792258351,15.185307288013478
2021-04-26 23:19:22+00:00,5198781258,2837,8,2021-04-27 00:11:12+00:00,3110,2765,6.010280105,352.0513,333.0215,23.0404824250186,7.633139888,10.54162261,90.08818817,57.15992745,879.9774954,56.66537842,8,7.0,HARD,88.0,177.7673743695,0.7969444444444445,0.8890675241157556,150.1598381,0.3806605559332978,0.4381595360876859
2020-05-12 22:13:32+00:00,3442173104,4339,7,2020-05-12 23:29:28+00:00,4558,4302,14.48176479,411.4374,412.0936,24.830034850037205,12.02281073,13.69089501,89.57888031,94.16944264,513.785187,114.7684423,2,5.0,NORMAL,77.0,429.22431955312,23.532777777777778,0.9438350153576128,150.497627,0.6257204483363714,14.631833966787882
2020-07-14 22:02:33+00:00,3763409786,2001,3,2020-07-14 22:37:01+00:00,2100,1984,8.606287835,240.4973,260.1833,24.3826451499628,15.49017191,16.18296828,116.7209396,147.5606248,842.7535889,159.9580219,3,6.0,NORMAL,52.0,309.87731208,0.0052777777777777,0.9447619047619048,161.3230235,0.9146904242096604,0.0029023750631539
2021-05-13 23:44:39+00:00,5293004652,2884,2,2021-05-14 00:33:44+00:00,2951,2864,11.12207664,264.4486,261.8238,21.47462485227414,13.88979403,15.14808632,103.4681778,118.4485816,602.6717957,143.5752824,8,5.0,NORMAL,51.0,349.54176430160004,48.72027777777778,0.9705184683158252,150.1598381,0.7888166576279759,29.862538305239152
2021-07-18 12:18:56+00:00,5647057221,1326,3,2021-07-18 12:42:23+00:00,1468,1359,4.541820174,152.5665,133.8648,19.68507242725554,12.33321481,14.55021172,99.42881775,106.6861191,396.1784166,116.7876157,10,4.0,EASY,15.0,156.6152228388,17.59111111111111,0.92574931880109,149.0208869,0.715913864957678,10.959969545349622
2021-05-25 18:07:46+00:00,5357216573,2440,13,2021-05-25 19:02:05+00:00,3355,2391,7.133997266,152.2384,148.9574,27.2906675749814,10.5603642,15.64657051,112.339592,99.10366928,819.2941,107.0057105,9,6.0,NORMAL,63.0,332.4928104344,66.60416666666667,0.7126676602086438,136.2657024,0.7272825629231849,47.75468734097517
2021-04-02 16:17:27+00:00,5057015743,3426,29,2021-04-02 17:41:45+00:00,5072,3383,7.102360717,153.5508,151.9103,20.803542427255543,7.486786664,14.62367696,84.49533081,59.93977896,439.6678945,47.00752925,8,7.0,HARD,108.0,304.01455888512004,136.73166666666663,0.6669952681388013,150.1598381,0.3991731725235524,71.96649253379957
2021-01-29 21:22:51+00:00,4702002534,3516,22,2021-01-29 22:38:34+00:00,4543,3441,11.23603996,258.2147,258.2147,24.3826451499628,11.51769911,15.53542823,99.6111908,100.4169765,587.0930114,142.198719,7,8.0,HARD,148.0,456.1943242395,23.04694444444445,0.7574290116662998,153.4640507,0.6543355009982152,15.125291930033514
2021-10-10 01:44:16+00:00,6089991637,3040,4,2021-10-10 02:37:27+00:00,3192,3042,13.11287457,122.0532,365.8315,33.3304051499628,15.5294733,17.69897539,118.2158508,118.2158508,21780.77029,,11,8.0,HARD,130.0,377.3449957536,3.286111111111111,0.9530075187969924,169.0207949,0.6994160148752205,1.9193930265419368
2020-04-14 21:25:18+00:00,3299844988,2173,10,2020-04-14 22:08:58+00:00,2623,2128,7.171176732,175.8616,177.174,26.3958924250186,11.90480464,14.39345917,,102.3011067,570.3076739,,1,6.0,NORMAL,56.0,268.3358028741,26.54361111111111,0.8112847884102173,134.2664899,0.7619258295662051,16.699123437304326
2020-09-02 23:24:55+00:00,4003355461,797,5,2020-09-02 23:46:42+00:00,1309,798,2.614944565,79.4002,79.0721,40.71230970007441,11.88185307,17.49956833,123.4260864,164.5138142,4672.505859,,4,4.0,EASY,8.0,215.34858278780004,0.6369444444444444,0.6096256684491979,146.0824245,1.1261711651013844,0.3595209345264577
2020-09-24 22:25:22+00:00,4108365472,4648,18,2020-09-24 23:55:49+00:00,5430,4548,15.11824782,423.5771,424.2333,23.0404824250186,11.72706105,14.45448705,92.0920105,96.43934997,595.6333084,125.4941469,4,5.0,NORMAL,82.0,523.6656703371,20.89666666666667,0.8375690607734807,146.0824245,0.6601707926198883,13.622203921406047
2021-05-14 18:30:25+00:00,5297308458,1538,5,2021-05-14 20:01:08+00:00,5448,1509,5.850509613,137.4739,137.4739,25.948504850037203,13.7131237,16.72858866,120.4187775,134.5828982,455.8187702,150.1598381,8,5.0,NORMAL,27.0,733.2076293936,17.94472222222222,0.2769823788546255,150.1598381,0.8962642734761979,10.031616233950691
2020-06-08 22:31:48+00:00,3585272060,3356,8,2020-06-08 23:31:58+00:00,3673,3323,12.17483623,433.7482,435.3887,28.4091375749814,13.06705624,14.91841833,103.8865128,116.6203551,2261.190117,137.2805858,2,6.0,NORMAL,87.0,428.3465642823,30.945555555555558,0.9047100462836918,150.497627,0.7748982985625414,17.54578118241153
2020-04-04 17:23:43+00:00,3255473930,6416,12,2020-04-04 19:59:16+00:00,9348,6356,22.73009007,575.1593,576.4717,32.2119351499628,12.76418036,14.00971699,,100.59102775,3328600.522,121.0683762,1,5.0,NORMAL,114.0,940.324927407,42.33277777777778,0.6799315361574668,134.2664899,0.749189375732686,24.201369139945623
2021-02-27 19:07:48+00:00,4861374986,3987,8,2021-02-27 20:20:58+00:00,4432,3882,13.28563588,380.2679,380.2679,29.3039148500372,12.00236033,14.31206935,94.08109283,98.87150098,554.6074538,133.4862815,7,7.0,HARD,124.0,438.19849234336,647.4991666666666,0.8759025270758123,153.4640507,0.644264898059282,517.8644668307901
2020-07-26 23:20:04+00:00,3816918024,1872,13,2020-07-27 00:10:16+00:00,3013,1832,4.862384787,116.8036,118.4441,20.803542427255543,9.370461192,14.60681765,95.1415329,75.92164431,325.1593023,,3,6.0,NORMAL,48.0,228.75191430603,7.750555555555556,0.6080318619316296,161.3230235,0.4706187787882614,5.0664233577800095
2020-12-06 18:36:38+00:00,4439566437,7013,24,2020-12-06 20:51:46+00:00,8206,6891,23.87576344,727.0696,727.0696,26.84328,12.26940736,14.82017485,101.1133957,106.5057131,1006.245071,137.1372884,6,10.0,HARD,421.0,873.9858816986,20.666666666666668,0.8397514014135998,155.2386734,0.6860771917676023,14.64751770449503
2020-05-10 11:36:47+00:00,3429560753,2947,3,2020-05-10 12:32:52+00:00,3365,2873,9.744943114,279.2131,279.5412,22.3694,11.90832215,13.57360916,85.1725769,91.77441542,559.4346311,113.7365683,2,5.0,NORMAL,51.0,308.82090788830004,15.642777777777775,0.8537890044576523,150.497627,0.6098063952862194,9.99189714143569
2020-01-02 14:02:58+00:00,2975587283,1352,5,2020-01-02 14:29:32+00:00,1642,1411,5.266646771,137.1458,138.7863,20.13246,14.04550914,14.54707541,,116.870855,552.0265418,124.7823571,0,7.0,HARD,45.0,191.90194391000003,10000.0,0.8593179049939099,131.1787973,0.8909279350436612,
2020-06-16 22:11:58+00:00,3626334378,3663,10,2020-06-16 23:19:36+00:00,4070,3564,12.7063469,464.2615,465.902,23.7115648500372,12.50396119,14.68155041,101.890358,110.1765887,1685.687732,128.716536,2,6.0,NORMAL,94.0,448.418716009,45.7875,0.8756756756756757,150.497627,0.7320818998694245,26.12187742358347
2021-08-05 16:32:02+00:00,5744211917,3195,22,2021-08-05 17:41:25+00:00,4163,3085,7.055415167,169.6277,169.6277,26.1721975749814,7.96526436,14.77595163,104.8058701,67.2398807,466.7725979,,10,6.0,NORMAL,81.0,279.9196233541,24.446666666666665,0.7410521258707663,149.0208869,0.4512111160975784,15.439353704576169
2021-01-21 21:28:24+00:00,4659559424,3394,33,2021-01-21 22:49:36+00:00,4885,3185,5.862538463,128.6152,124.0218,19.46137757274446,6.25176827,14.38483784,65.85643005,47.47726993,362.4575896,74.50133632,6,2.0,EASY,15.0,231.92646360805,46.675,0.6519959058341863,155.2386734,0.3058340353609334,32.61312185346486
2020-04-12 14:28:14+00:00,3290080609,3418,16,2020-04-12 16:31:38+00:00,7406,3380,8.937974442,299.8834,299.8834,19.46137757274446,9.430805767,12.26660419,,69.97620328,635.2905562,87.31622609,1,3.0,EASY,28.0,518.24376149168,16.06972222222222,0.4563867134755603,134.2664899,0.5211739975634828,10.119088723928884
2021-01-28 20:54:33+00:00,4697172498,4464,17,2021-01-28 22:20:02+00:00,5150,4344,12.40576527,240.4973,240.4973,23.7115648500372,10.01674382,14.70762406,87.89070892,80.37457318,572.6361361,92.11257876,7,6.0,NORMAL,114.0,413.929051877,142.92638888888888,0.843495145631068,153.4640507,0.523735512084981,91.78411115339767
2020-05-28 22:19:33+00:00,3528272192,4676,9,2020-05-28 23:43:18+00:00,5072,4580,17.52100574,528.8972,528.8972,26.1721975749814,13.49650847,15.17184597,105.2184753,120.4487654,832.5956343,148.4218828,2,5.0,NORMAL,82.0,610.9161381088,57.75055555555556,0.9029968454258676,150.497627,0.8003366418528314,34.72879294520685
2020-08-19 21:24:50+00:00,3938300771,6396,12,2020-08-19 23:57:31+00:00,9162,6342,27.67431138,1117.5086,1117.1805,79.1876794225182,15.63561815,19.59831786,139.0703125,139.0703125,10631942.81,,4,6.0,NORMAL,167.0,1274.162203125,69.28333333333333,0.6922069417157826,146.0824245,0.9519989346836176,42.10112896950599
2021-05-10 21:41:23+00:00,5276028678,8005,23,2021-05-11 00:15:54+00:00,9273,7774,24.60367834,755.9424,755.9424,25.5011151499628,11.07232899,14.33670906,95.41877747,92.68823593,1348.35217,133.5532505,8,7.0,HARD,248.0,859.49801177889,333.50305555555553,0.8383478917286746,150.1598381,0.6172638243541101,241.5532580563326
2020-05-13 21:36:38+00:00,3447043102,1714,5,2020-05-13 22:08:21+00:00,1920,1707,6.156931197,192.2666,191.9385,23.0404824250186,12.94768868,13.98094052,96.2776413,112.1528255,724.3172622,,2,3.0,EASY,14.0,215.33342496000003,22.119444444444444,0.8890625,150.497627,0.745213248445439,13.60593358291068
2020-12-08 21:15:25+00:00,4447920062,2974,8,2020-12-08 22:15:26+00:00,3603,2945,11.13379565,262.48,262.1519,23.9352575749814,13.49033981,15.18835812,102.4611969,116.7974335,522.6926993,141.2461707,6,6.0,NORMAL,77.0,420.8211529005,48.39416666666666,0.8173744102137108,155.2386734,0.7523733032622011,28.7022248464986
2020-11-28 17:06:44+00:00,4403807192,3839,15,2020-11-28 19:35:14+00:00,8912,3784,12.54928371,436.373,435.0606,26.84328,11.78220362,14.3566662,97.93473053,103.2227575,916.9575876,144.4606003,5,5.0,NORMAL,68.0,919.92121484,211.85361111111112,0.4245960502692998,144.4606003,0.714539170442586,141.34461991652262
2020-10-22 22:39:49+00:00,4230821659,2952,11,2020-10-22 23:38:04+00:00,3541,2891,9.899906976,366.8158,366.8158,25.0537275749814,12.0869367,14.05871762,99.15528107,103.346328,619.2754913,131.3322042,5,6.0,NORMAL,76.0,365.949347448,146.55333333333334,0.8164360350183564,144.4606003,0.7153945628453823,85.08157398075801
2020-07-28 21:52:40+00:00,3829974032,844,9,2020-07-28 22:13:15+00:00,1284,821,2.236188887,59.058,58.4018,28.8565251499628,9.55326244,15.43556251,119.2263565,92.26538769,654.5260728,,3,6.0,NORMAL,21.0,118.46875779396,45.70666666666666,0.6394080996884736,161.3230235,0.5719294474418277,31.07988781724069
2021-10-11 22:18:04+00:00,6099719828,5566,8,2021-10-11 23:54:11+00:00,5772,5534,21.68242845,244.1064,340.8959,29.3039148500372,14.029101,16.22928903,105.7405853,125.8230412,341.9372959,156.468369,11,6.0,NORMAL,146.0,726.2505938064,43.676944444444445,0.9587664587664588,169.0207949,0.7444234378050485,25.7011491371943
2020-05-05 17:36:52+00:00,3403711514,2893,14,2020-05-05 18:33:25+00:00,5287,2858,8.676150569,179.1426,179.1426,19.23768485227414,10.81734442,13.14818257,81.08757782,78.28135977,397.8716017,115.6934315,2,5.0,NORMAL,51.0,413.87354910399,48.78833333333333,0.5405712124077927,150.497627,0.5201501268189431,29.727173355811804
2020-06-30 17:12:33+00:00,3694748047,6675,34,2020-06-30 20:07:48+00:00,10653,6543,17.06883902,576.7998,576.7998,26.1721975749814,9.218873712,13.47269723,90.67565918,72.7761377,1019.560213,120.3540592,3,5.0,NORMAL,118.0,775.2841949181001,70.30083333333333,0.6141931850183047,161.3230235,0.4511205909799973,42.74522304401717
2021-04-09 23:22:53+00:00,5099134640,6385,14,2021-04-10 01:16:32+00:00,6945,6301,21.24348896,652.919,652.919,30.422384850037204,11.98004188,14.31978683,96.57897186,99.04479219,886.0180125,127.2741186,8,6.0,NORMAL,166.0,687.86608175955,24.41111111111111,0.9072714182865372,150.1598381,0.659595757715458,17.71445232777952
2020-07-14 11:05:42+00:00,3760330379,1921,4,2020-07-14 11:40:59+00:00,2118,1905,8.176810526,212.2807,162.7376,23.0404824250186,15.32785082,16.74341725,121.4601822,156.3079463,589.2952336,,3,7.0,HARD,60.0,331.0602302634,43.21,0.8994334277620396,161.3230235,0.9689128241512284,24.042585532021903
2020-11-30 17:40:12+00:00,4412809348,2007,9,2020-11-30 18:22:12+00:00,2712,1967,6.401887027,140.0987,140.0987,21.25093,11.50132444,13.40955551,81.69444275,85.98253114,483.0373902,101.1208533,5,5.0,NORMAL,35.0,233.18462445168004,46.08277777777778,0.7252949852507374,144.4606003,0.5951971053798812,26.87764652579043
2021-05-20 21:01:56+00:00,5331524115,3522,25,2021-05-20 23:35:26+00:00,9346,3425,7.499077931,183.4079,183.4079,20.35615485227414,7.682416985,14.26732345,97.49938965,58.80282638,395.6511096,91.40374556,9,3.0,EASY,28.0,549.57121534748,93.76972222222224,0.36646693772737,136.2657024,0.4315306445006076,68.51552540038747
2020-06-06 22:59:55+00:00,3574896451,4222,7,2020-06-07 00:18:19+00:00,4705,4200,14.41411508,554.489,555.1452,27.96175,12.2982429,13.82794084,99.96392059,103.7774069,869.0286534,130.563084,2,4.0,EASY,46.0,488.2726994645,173.01694444444445,0.8926673751328374,150.497627,0.6895617490367473,103.19958752092744
2020-04-17 11:57:02+00:00,3311386012,2351,8,2020-04-17 12:47:28+00:00,3028,2323,6.994478005,175.2054,175.2054,21.47462485227414,10.72424441,12.75937285,,76.95464939,461.2310061,91.85670503,1,6.0,NORMAL,61.0,233.01867835292,14.801666666666666,0.7671730515191546,134.2664899,0.5731485901457233,8.44304391893069
2021-03-02 22:48:02+00:00,4880365656,2373,10,2021-03-02 23:31:42+00:00,2650,2305,7.009468176,237.5444,235.9039,31.0934651499628,10.6431761,14.96047033,98.87245178,95.36087104,776.6076427,123.1985302,7,6.0,NORMAL,60.0,252.706308256,74.45111111111112,0.869811320754717,153.4640507,0.6213889872255275,45.27926807838895
2021-07-05 15:35:24+00:00,5580502904,6309,61,2021-07-05 18:54:03+00:00,11919,5974,11.11451489,352.3794,352.3794,21.25093,6.363818991,13.76979645,86.80523682,47.46133049,798.946097,103.4920896,9,5.0,NORMAL,107.0,565.69159811031,302.98833333333334,0.5012165450121655,136.2657024,0.3482998997846137,166.24001356110827
2021-07-17 16:55:32+00:00,5643301879,5538,17,2021-07-17 18:43:28+00:00,6573,5503,16.26032515,658.4967,656.8562,24.3826451499628,10.57729005,13.70417452,84.89286041,90.16253131,2142.048086,120.5624599,10,5.0,NORMAL,99.0,592.63831830063,75.01027777777777,0.8372128404077286,149.0208869,0.6050328459694599,48.70800211798619
2020-06-14 22:53:48+00:00,3616509421,4973,7,2020-06-15 00:24:43+00:00,5455,4906,18.82361135,243.7783,254.6056,21.47462485227414,13.63092314,15.07490582,93.44013214,113.300797,344.703042,149.863281,2,6.0,NORMAL,129.0,618.0558476350001,44.02527777777778,0.8993583868010999,150.497627,0.7528410863249027,26.59885656487677
2020-08-16 23:50:57+00:00,3924085714,990,2,2020-08-17 00:07:50+00:00,1020,988,3.224117366,88.2589,86.2903,23.0404824250186,11.74016748,13.26957352,95.57505035,94.3167657,443.5054343,,4,6.0,NORMAL,26.0,96.203101014,1.602777777777778,0.9686274509803922,146.0824245,0.6456407471523038,0.8293097643568058
2020-06-10 20:42:55+00:00,3595127133,2524,6,2020-06-10 21:29:18+00:00,2784,2503,8.870069059,311.0388,312.6793,27.2906675749814,12.66234448,14.44776939,101.0652542,111.9746908,1448.030319,131.8551827,2,6.0,NORMAL,66.0,311.7375391872,45.1825,0.899066091954023,150.497627,0.7440296105133938,25.45638814155859
2021-07-06 15:54:20+00:00,5584796627,869,3,2021-07-06 16:10:07+00:00,955,852,2.910789487,96.1333,39.7001,21.25093,12.06810628,15.54412164,124.2059631,122.1606378,351.4862112,,9,5.0,NORMAL,15.0,116.663409099,1.5155555555555555,0.8921465968586387,136.2657024,0.89648851947649,0.8709989203743222
2020-08-06 16:14:39+00:00,3874203333,3353,16,2020-08-06 17:28:20+00:00,4422,3270,3.605817888,106.3044,105.6482,40.26492,3.87373836,16.44847732,102.0719833,90.36409935,33129.41968,153.3395023,3,3.0,EASY,27.0,399.5900473257,1.618611111111111,0.7394843962008141,161.3230235,0.5601438492131906,1.033942361158642
2020-07-29 21:20:47+00:00,3835655059,5202,12,2020-07-29 23:04:21+00:00,6259,5114,19.8891652,708.3679,707.7117,29.3039148500372,13.77514291,16.14606013,122.7423859,137.0704436,1005.500648,,3,8.0,HARD,220.0,857.9239064924001,23.125555555555557,0.8170634286627256,161.3230235,0.8496644844993251,14.711573469910048
2020-05-19 21:06:24+00:00,3479529124,2881,9,2020-05-19 21:58:57+00:00,3155,2829,8.229425835,260.1833,261.8238,31.988242425018605,10.30005212,13.03527522,87.70597839,79.89585059,769.8658168,107.8606015,2,3.0,EASY,23.0,252.07140861145,53.83472222222223,0.8966719492868462,150.497627,0.5308778097212123,33.193001902739745
2021-08-20 21:46:33+00:00,5825835473,4652,41,2021-08-20 23:52:33+00:00,7622,4465,8.243395288,252.9651,252.637,22.8167875749814,6.423143718,14.2714955,94.62927246,55.10698623,5393.221583,99.28541582,10,5.0,NORMAL,80.0,420.02544904506,19.92305555555556,0.5858042508527945,149.0208869,0.3697937072873507,11.451953967361492
2021-05-11 22:15:29+00:00,5281430439,2464,9,2021-05-11 23:01:26+00:00,2830,2402,7.916663128,199.4848,199.4848,24.3826451499628,11.57849289,14.48731345,92.63687897,94.82365756,800.035287,,8,6.0,NORMAL,63.0,268.3509508948,21.99305555555556,0.8487632508833922,150.1598381,0.6314848148467735,13.59892877362725
2021-10-26 20:07:32+00:00,6171054343,2469,5,2021-10-26 20:51:41+00:00,2649,2468,9.623754929,234.9196,286.1032,40.920038860619,14.04213545,15.83584553,102.4842377,133.5292882,2134.399745,158.2415664,11,6.0,NORMAL,65.0,353.7190844418,190.2158333333333,0.931672329180823,169.0207949,0.7900169223497125,133.36691307262478
2021-06-09 23:38:53+00:00,5443947412,4707,18,2021-06-10 01:10:19+00:00,5540,4566,15.78114065,396.6729,396.6729,27.514362425018604,12.08474263,15.60096556,107.6077576,110.9492615,688.6829117,136.2657024,9,7.0,HARD,145.0,614.65890871,48.59361111111111,0.824187725631769,136.2657024,0.8142126708767473,31.73006195130964
2020-04-22 22:02:08+00:00,3338503991,2753,6,2020-04-22 22:50:02+00:00,2877,2661,8.992319024,227.0452,227.0452,25.72481,11.76884886,14.1721977,,97.31291982,466.0842038,,1,6.0,NORMAL,70.0,279.96927032214,48.605,0.9249217935349322,134.2664899,0.7247744384505579,25.43548681106729
2020-07-26 11:40:44+00:00,3815541338,8743,23,2020-07-26 15:35:02+00:00,14229,8631,26.30051934,841.2484,840.9203,25.948504850037203,10.83806733,13.49066208,91.01821899,85.46706247,705.2498984,136.726046,3,6.0,NORMAL,227.0,1216.1108318856302,34.46611111111111,0.6065781151170145,161.3230235,0.529788374999059,20.008280604605247
2020-08-01 00:18:31+00:00,3845870049,3265,14,2020-08-01 01:24:26+00:00,3967,3247,11.64284295,335.9744,337.6149,52.7917848500372,12.8511415,17.0612801,118.5065536,118.5065536,245980.1331,153.6664341,3,6.0,NORMAL,85.0,470.1154981312,49.23611111111112,0.8185026468364003,161.3230235,0.7345916970121751,26.61894171819953
2020-05-03 16:00:10+00:00,3392547429,2674,10,2020-05-03 16:49:34+00:00,3043,2630,8.688326601,241.8097,241.1535,21.47462485227414,11.71621544,14.12322418,89.10372925,96.49956658,710.4707352,97.95682373,2,7.0,HARD,84.0,293.64818110294004,17.5275,0.8642786723627999,150.497627,0.6412032435567905,10.672609571418992
2020-05-22 22:09:57+00:00,3495633786,2669,11,2020-05-22 22:59:23+00:00,2967,2597,8.694617558,310.7107,310.7107,27.7380551499628,11.74131511,14.62567673,103.187233,103.2449398,600.3096821,106.7289479,2,5.0,NORMAL,46.0,306.3277363866,22.094166666666663,0.8752949106841927,150.497627,0.6860237058754421,14.499805818832629
2021-01-08 16:24:19+00:00,4587714515,2260,7,2021-01-08 17:06:44+00:00,2546,2213,7.187705204,232.6229,230.6543,31.7645475749814,11.46399841,15.17504182,105.4558945,103.5538745,1097.776791,131.3178529,6,6.0,NORMAL,58.0,263.648164477,91.21638888888889,0.8692065985860172,155.2386734,0.6670623513586402,53.77164435589017
2021-03-27 21:25:48+00:00,5022261676,6520,20,2021-03-27 23:33:33+00:00,7670,6408,22.8486709,668.3397,608.2974,44.2914102999256,12.62544367,15.82440225,108.807312,135.134112,12585.82695,,8,8.0,HARD,275.0,1036.47863904,1.4983333333333333,0.8354628422425032,150.1598381,0.8999351205347362,1.0343300375859978
2020-07-05 23:33:21+00:00,3719948347,3029,6,2020-07-06 00:26:41+00:00,3201,3013,11.7112848,306.4454,307.1016,24.1589524250186,13.93045855,16.03941819,115.4138641,133.1539541,535.1247747,154.5397003,3,8.0,HARD,129.0,426.2258070741,33.71,0.9412683536394876,161.3230235,0.8253871717200986,24.07983697275316
2021-05-21 21:25:14+00:00,5335849495,2918,10,2021-05-21 22:17:45+00:00,3172,2763,6.95168993,130.5838,130.5838,21.25093,8.593058392,13.91423019,77.02991486,63.23443804,318.1203561,81.48540381,9,5.0,NORMAL,49.0,200.57963746288,8.95888888888889,0.8710592686002522,136.2657024,0.4640524866219014,6.506849915665918
2020-12-15 21:12:39+00:00,4477068537,3164,9,2020-12-15 22:12:00+00:00,3563,3096,11.15075437,270.0263,268.0577,25.72481,12.7007268,15.51738352,100.5874176,113.5950823,572.819015,136.1195591,6,7.0,HARD,98.0,404.7392782349,27.49388888888889,0.8689306763962953,155.2386734,0.7317447373909342,16.78705000064281
2020-09-16 23:40:59+00:00,4071000092,2948,7,2020-09-17 00:35:11+00:00,3290,2890,9.298651888,420.6242,422.9209,27.96175,11.36404022,13.90794683,107.8873444,100.5591684,1072.747055,120.20006,4,5.0,NORMAL,52.0,330.83966403600004,167.93194444444444,0.878419452887538,146.0824245,0.6883728055868897,96.6946334415544
2021-09-02 22:18:21+00:00,5896380241,6339,20,2021-09-03 01:17:23+00:00,10742,6200,20.64958923,422.2647,422.2647,31.31716,11.73351965,15.34504475,109.7780533,104.3620132,848.5629789,149.0208869,10,7.0,HARD,198.0,1121.0567457944,310.43,0.5771737106684044,149.0208869,0.700318025016398,226.6253658112908
2020-07-14 21:28:37+00:00,3763294489,1380,4,2020-07-14 22:02:14+00:00,2018,1366,5.46241292,102.0391,169.9558,24.606340000000003,14.25600858,16.66212421,115.5614777,132.0322631,390.8280915,146.3049195,3,6.0,NORMAL,36.0,266.4411069358,9.793888888888889,0.6769078295341923,161.3230235,0.818434097226054,4.974262328303388
2020-08-01 23:34:16+00:00,3850723804,2759,8,2020-08-02 00:33:42+00:00,3565,2702,6.540239221,195.5476,195.5476,21.69831757274446,8.54179336,11.32441907,83.35521698,54.20432638,508.6811356,74.99768636,3,4.0,EASY,30.0,193.2384235447,22.163888888888888,0.7579242636746143,161.3230235,0.3359987012641131,12.777582717054432
2020-05-02 19:24:07+00:00,3387969771,10070,12,2020-05-02 22:28:31+00:00,11064,10006,35.18218482,356.3166,356.3166,25.0537275749814,12.58148941,13.92925799,83.1822052,96.6628392,682.9482693,123.6568318,2,8.0,HARD,430.0,1069.4776529088,22.460277777777776,0.9043745480838756,150.497627,0.6422881285696285,13.720197539059123
2020-06-26 22:11:57+00:00,3675817946,2803,6,2020-06-26 23:02:57+00:00,3193,2771,9.828784255,351.7232,353.3637,24.606340000000003,12.63197455,14.56401368,106.3775787,109.7589185,561.2708776,129.9689584,3,6.0,NORMAL,73.0,350.4602267705,127.15888888888888,0.8678358910115879,161.3230235,0.6803673531447295,77.76975539239068
2021-01-19 21:10:09+00:00,4649177294,4786,24,2021-01-19 22:47:54+00:00,5888,4522,10.81648346,344.505,344.505,22.3694,8.144353354,14.6816053,82.15891266,66.93463198,963.1401858,113.2963309,6,6.0,NORMAL,119.0,394.11111309824,48.54333333333334,0.7680027173913043,155.2386734,0.4311724038476613,32.46085094862654
2020-09-03 22:56:23+00:00,4008153143,2519,20,2020-09-04 00:32:09+00:00,5746,2412,6.700831734,202.4377,199.8129,21.25093,9.590300258,14.26488693,96.59346771,80.32041336,492.1810217,,4,6.0,NORMAL,63.0,461.52109516656,23.16138888888889,0.4197702749738949,146.0824245,0.5498294105873085,10.89347333321796
2020-06-11 23:05:44+00:00,3600626004,4318,14,2020-06-12 00:32:25+00:00,5227,4221,13.92097882,454.7466,455.7309,31.31716,11.61786069,14.7274172,102.591095,100.6228871,1155.774337,142.7479222,2,4.0,EASY,46.0,525.9558308717,25.607222222222223,0.8075377845800651,150.497627,0.6686011540899579,14.682790973190052
2020-11-16 20:46:37+00:00,4348081788,4300,29,2020-11-16 22:19:37+00:00,5659,4075,9.565006849,303.8206,304.8049,22.593094850037204,8.026023145,13.92018437,91.64292908,64.1254866,649.4944695,115.2215168,5,6.0,NORMAL,107.0,362.8861286694,94.36888888888888,0.7200918890263297,144.4606003,0.4438960274762197,63.25860951604565
2021-08-01 13:32:37+00:00,5721992926,4225,17,2021-08-01 15:16:10+00:00,6299,4153,11.81300931,335.9744,335.9744,22.145705147725863,10.07568008,14.06221036,91.9487381,79.8360791,763.49656,113.1428108,10,5.0,NORMAL,74.0,502.88746225090006,109.02472222222222,0.659311001746309,149.0208869,0.5357375114373985,64.66394833549282
2020-11-19 20:16:24+00:00,4361964395,2895,16,2020-11-19 21:15:31+00:00,3548,2756,6.841975795,147.9731,145.0202,22.8167875749814,8.535527978,14.76074418,95.20835114,72.06338098,410.9219856,78.56383929,5,5.0,NORMAL,49.0,255.68087571704004,25.454722222222223,0.7767756482525366,144.4606003,0.4988445349828717,15.46095889331581
