elapsed_distance,moving_time,avg_speed,ride_cruise_speed,ride_avg_power,peak_20min_power,training_window_0,training_window_1,training_window_2,training_window_3,training_window_4,training_window_5,training_window_6,training_window_7,training_window_8,training_window_9,training_window_10,training_window_11,training_window_12,simple_exertion
0.3019467454065623,0.17918467212762115,0.502599867052121,-0.1049436336257291,0.5590358138407469,0.975232771236132,0.0,0.0,0.0,0.0,1.0,0.0,0.0,0.0,0.0,0.0,0.0,0.0,0.0,2.0
-0.5583539037942312,-0.7691197977315712,0.8648601156419516,0.34286103071062085,0.7883329523600964,0.9039875311477327,0.0,0.0,0.0,0.0,0.0,1.0,0.0,0.0,0.0,0.0,0.0,0.0,0.0,3.0
-0.5957913972064298,-0.8018508739962148,0.8880477772407235,0.8043648533464952,1.2691309771924708,0.6162083332261462,0.0,0.0,0.0,0.0,0.0,0.0,0.0,0.0,0.0,0.0,0.0,1.0,0.0,3.0
-0.12592737260003073,-0.29564011916357735,0.6149862859805255,-0.11813243260436349,0.2113813765525238,0.31074972729104333,0.0,0.0,0.0,0.0,0.0,1.0,0.0,0.0,0.0,0.0,0.0,0.0,0.0,3.0
-1.1271944710404949,-1.1802759201244222,-0.6932693459079285,0.2497763533432462,-0.2175493340528453,-0.9839076040398759,0.0,0.0,0.0,1.0,0.0,0.0,0.0,0.0,0.0,0.0,0.0,0.0,0.0,2.0
1.3636461188087412,2.382927683644373,-1.1333815460852048,-1.7635550123146897,-1.6424208293707259,-1.3184015688287352,0.0,0.0,0.0,0.0,0.0,0.0,0.0,0.0,1.0,0.0,0.0,0.0,0.0,2.0
0.8252854667631567,0.6782214924365011,0.5702289200963492,-0.06558090337495055,0.5683957497890687,1.1424283868797116,0.0,0.0,0.0,1.0,0.0,0.0,0.0,0.0,0.0,0.0,0.0,0.0,0.0,2.0
-0.13027671922331957,-0.3288195663359557,0.7525536543728821,0.6610569332092475,0.7840226288037613,1.0183655981484092,0.0,0.0,0.0,1.0,0.0,0.0,0.0,0.0,0.0,0.0,0.0,0.0,0.0,2.0
-1.2587824956212592,-1.152028552937127,-2.3543067282408003,-0.2704454440624964,-1.996023765201234,-2.573745033781813,0.0,0.0,0.0,0.0,0.0,0.0,0.0,0.0,0.0,1.0,0.0,0.0,0.0,1.0
-0.20810363238235138,-0.4063877333740835,0.7854709223429589,0.09048439938147927,0.5327004272380633,0.4942370527732612,0.0,0.0,0.0,0.0,0.0,0.0,0.0,0.0,0.0,1.0,0.0,0.0,0.0,2.0
-0.30882537147426936,-0.053071458079027405,-0.8828581326594345,-0.6279576189560384,-0.8522630868148233,0.06669660645163966,0.0,0.0,1.0,0.0,0.0,0.0,0.0,0.0,0.0,0.0,0.0,0.0,0.0,1.0
-1.2221694403610284,-1.3013360652128296,-0.7558832462047395,1.073731725794444,1.1768223351437668,0.2776903333887258,0.0,0.0,0.0,0.0,1.0,0.0,0.0,0.0,0.0,0.0,0.0,0.0,0.0,1.0
-0.25419140982272515,-0.26784112288401707,-0.026562247148962884,-0.5375360739291904,-0.5327346932624426,-0.4074563855056209,0.0,0.0,0.0,0.0,0.0,0.0,1.0,0.0,0.0,0.0,0.0,0.0,0.0,3.0
-0.4097682415873034,-0.5243092821083472,0.2620777408826901,0.68796054058327,0.48930095325411727,-0.344364443319263,0.0,0.0,0.0,0.0,0.0,0.0,0.0,0.0,0.0,0.0,1.0,0.0,0.0,3.0
-0.16554098010920237,-0.01809852727570967,-0.47219605467571674,-2.0172744357186496,-1.4750692706964348,-1.5465325212849648,0.0,1.0,0.0,0.0,0.0,0.0,0.0,0.0,0.0,0.0,0.0,0.0,0.0,1.0
-0.20667100392012583,-0.390694751603364,0.7330811627346763,-0.11387420617648364,0.42556654221495493,0.5308057791287785,0.0,0.0,0.0,0.0,0.0,0.0,0.0,0.0,0.0,0.0,1.0,0.0,0.0,2.0
2.672257732551246,2.39279184361454,0.8578850501762034,0.28705579730779857,0.8766120141860474,0.006066396900359804,0.0,0.0,0.0,0.0,0.0,0.0,0.0,0.0,0.0,0.0,0.0,1.0,0.0,3.0
0.4377736238293195,0.6553545761420242,-0.2823966777538567,-2.3867618654561884,-1.447866479364186,-1.6093479728599742,0.0,0.0,0.0,1.0,0.0,0.0,0.0,0.0,0.0,0.0,0.0,0.0,0.0,1.0
-0.6536884500671357,-0.8117150339663813,0.6203984034251997,-0.3214583011086743,-0.011826341394905833,-0.03408467922620574,0.0,0.0,0.0,0.0,0.0,0.0,1.0,0.0,0.0,0.0,0.0,0.0,0.0,1.0
-0.38560306693773533,-0.21538172667904049,-0.7235358281000679,-1.6637765565798348,-0.8861432340259441,-0.5997927733400286,0.0,0.0,0.0,0.0,1.0,0.0,0.0,0.0,0.0,0.0,0.0,0.0,0.0,1.0
-0.4330161924545953,-0.6655461180448226,0.9878748553118432,1.0293973663436806,1.6124332183867045,1.5021775325985685,0.0,0.0,0.0,1.0,0.0,0.0,0.0,0.0,0.0,0.0,0.0,0.0,0.0,2.0
-0.18400522779526662,-0.32433585725860725,0.542443133684841,0.3157856108289002,0.5747681688500346,0.5518841781299807,0.0,0.0,0.0,0.0,0.0,0.0,0.0,0.0,0.0,1.0,0.0,0.0,0.0,3.0
1.690425060811532,2.7949805478526937,-1.0252584527705,-1.543605533501769,-1.6081333437153655,-1.0560758470596223,0.0,0.0,0.0,0.0,0.0,0.0,0.0,0.0,0.0,0.0,0.0,0.0,1.0,3.0
-0.32373043693105347,-0.4431541478083406,0.43137294401527676,1.4242176693499469,1.2807903932118896,1.2424943740444536,0.0,0.0,0.0,0.0,0.0,0.0,0.0,0.0,0.0,0.0,0.0,1.0,0.0,2.0
0.2813217735083341,0.0823365560568951,0.7921394131406951,-0.19306281410698561,0.6510985036472543,0.5180028921072473,0.0,0.0,1.0,0.0,0.0,0.0,0.0,0.0,0.0,0.0,0.0,0.0,0.0,2.0
-0.9181631257040282,-0.8852478628348955,-0.92614760742331,-1.815787084154624,-0.8385704381167384,-1.0226157705785348,0.0,1.0,0.0,0.0,0.0,0.0,0.0,0.0,0.0,0.0,0.0,0.0,0.0,3.0
-0.5800119891402425,-0.37858873709452323,-1.1215357395298695,-0.06426211734688488,-0.9318707661503819,-0.521861783620989,0.0,0.0,0.0,0.0,0.0,0.0,1.0,0.0,0.0,0.0,0.0,0.0,0.0,3.0
-0.7785486578722636,-1.008998233369712,1.152239438522794,1.141327367481258,1.2683253450718677,0.9646093183764594,0.0,0.0,0.0,0.0,0.0,0.0,0.0,0.0,0.0,0.0,1.0,0.0,0.0,2.0
-0.17038944092801792,-0.23735190115804777,0.21186088729471658,-0.2878254525884881,0.1049078020481232,0.39957494979987757,0.0,0.0,1.0,0.0,0.0,0.0,0.0,0.0,0.0,0.0,0.0,0.0,0.0,2.0
-0.836173636904339,-0.7417691723597458,-1.08490153673496,0.5692784079184086,-1.0132140671673924,-2.3773547301105666,0.0,0.0,0.0,0.0,0.0,0.0,0.0,1.0,0.0,0.0,0.0,0.0,0.0,2.0
3.4934614712658574,2.9079700166018743,1.2062994915336547,0.3319215444531029,-0.035716181544622375,0.7349781969690389,0.0,0.0,1.0,0.0,0.0,0.0,0.0,0.0,0.0,0.0,0.0,0.0,0.0,3.0
-0.12397496985893051,-0.288017813732085,0.6185150332690211,0.7530810511303215,0.5486713324839851,0.700046644310487,0.0,0.0,0.0,0.0,0.0,0.0,1.0,0.0,0.0,0.0,0.0,0.0,0.0,2.0
-0.11778572955476253,-0.31805866455031945,0.7534235091543603,0.5824200180878301,0.7563319924334773,1.4666880726379667,0.0,0.0,0.0,1.0,0.0,0.0,0.0,0.0,0.0,0.0,0.0,0.0,0.0,2.0
-0.3339818592674717,-0.5346218129862486,0.8626896352210114,0.01415528863740351,0.5448633003658544,-0.7158741307763954,0.0,0.0,0.0,0.0,0.0,0.0,0.0,0.0,0.0,0.0,0.0,1.0,0.0,2.0
-0.13142397919646862,0.3760195006232171,-1.3050928259307844,2.5951695679645534,0.12660855900149304,-0.6725208356345121,0.0,0.0,0.0,0.0,1.0,0.0,0.0,0.0,0.0,0.0,0.0,0.0,0.0,2.0
-0.111492511270644,0.05857289794694844,-0.501236293218859,-1.6461180471345158,-0.8467369705229089,-0.8269708933036409,0.0,1.0,0.0,0.0,0.0,0.0,0.0,0.0,0.0,0.0,0.0,0.0,0.0,1.0
-0.5431223673721662,-0.07100629438842111,-1.7532975207259172,-0.32065872278411856,-1.4620369241908417,0.06841415381526704,0.0,0.0,0.0,0.0,0.0,0.0,0.0,0.0,0.0,0.0,1.0,0.0,0.0,2.0
-0.8425764958563148,-0.8408591429691461,-0.5511480302495949,0.5400961573584542,-0.188226086273796,-0.9573765508536974,0.0,0.0,0.0,0.0,0.0,0.0,0.0,0.0,0.0,0.0,1.0,0.0,0.0,2.0
1.1607762579279177,1.1624620727901314,0.31238074680815936,-0.5322019765059589,0.08499330556982787,0.5729514691574749,0.0,0.0,1.0,0.0,0.0,0.0,0.0,0.0,0.0,0.0,0.0,0.0,0.0,2.0
0.39136264625127865,0.2334375519635371,0.6132589153360956,0.035479529116281744,0.2796436418536741,0.34471540604044004,0.0,0.0,0.0,0.0,0.0,0.0,1.0,0.0,0.0,0.0,0.0,0.0,0.0,2.0
-0.43899686375956154,-0.5005456239984004,0.08962262829375034,-0.559585297020034,-0.142603243403395,-0.7032187511669984,0.0,0.0,1.0,0.0,0.0,0.0,0.0,0.0,0.0,0.0,0.0,0.0,0.0,2.0
-0.8084608629996478,-0.5879779510066948,-1.543619949350037,0.03259315592943529,-1.4780340091397892,-1.418697280491171,0.0,0.0,0.0,0.0,0.0,0.0,1.0,0.0,0.0,0.0,0.0,0.0,0.0,2.0
0.10082501998591814,0.008355356280646053,0.3068032851040739,0.24833912209603626,0.4301109323408876,0.6639875325032359,0.0,0.0,0.0,0.0,1.0,0.0,0.0,0.0,0.0,0.0,0.0,0.0,0.0,3.0
2.7930597400336517,2.9016928238935864,0.2690951970217116,0.6752288105794332,0.7405417868790288,1.8392504562470389,0.0,0.0,0.0,0.0,0.0,0.0,0.0,0.0,0.0,0.0,0.0,1.0,0.0,3.0
2.0946490786452245,2.1632259388543003,0.2578185947280171,-0.09197352049992956,0.14794487750326618,1.3647525445676951,0.0,0.0,0.0,1.0,0.0,0.0,0.0,0.0,0.0,0.0,0.0,0.0,0.0,3.0
5.004971838676345,4.313164441442871,1.1511917630057573,0.6704080347617103,1.220429086099001,1.441891237062699,0.0,0.0,0.0,1.0,0.0,0.0,0.0,0.0,0.0,0.0,0.0,0.0,0.0,3.0
0.6899485262165619,0.2782746427370214,1.4044607531655056,0.49894939312157666,1.3569517474659247,0.8286745691675506,0.0,0.0,0.0,1.0,0.0,0.0,0.0,0.0,0.0,0.0,0.0,0.0,0.0,3.0
0.10901343727091475,0.08413003968783447,0.13029432652326883,-0.47330164041746525,-0.23282987905207805,-0.02403582387933309,0.0,0.0,0.0,0.0,0.0,0.0,1.0,0.0,0.0,0.0,0.0,0.0,0.0,3.0
-0.7742771620185749,-0.45212156596303743,-1.7394056890064655,-3.1824922900157095,-1.7541634686632983,-2.3928316469125614,0.0,0.0,0.0,0.0,0.0,0.0,0.0,0.0,1.0,0.0,0.0,0.0,0.0,3.0
0.2789276741483922,0.23702451922541584,0.2733698917727151,-0.7593647106884717,-0.21341747709699088,-0.20426838499756259,0.0,0.0,1.0,0.0,0.0,0.0,0.0,0.0,0.0,0.0,0.0,0.0,0.0,2.0
-0.4515323306664032,-0.8022992449039497,1.8632430654218675,1.158097707056406,2.0093149601069924,1.4978837414066792,0.0,0.0,0.0,1.0,0.0,0.0,0.0,0.0,0.0,0.0,0.0,0.0,0.0,2.0
-0.13876059882436959,-0.407732846097288,1.1294291570843737,0.3618340943488402,0.79734923625377,0.880796458827671,0.0,0.0,0.0,0.0,0.0,0.0,0.0,0.0,1.0,0.0,0.0,0.0,0.0,2.0
-0.9568412766400736,-1.0825310622382263,0.4156980468636262,-0.09818531592486053,0.3076652494524286,-0.1282123489199691,0.0,0.0,0.0,0.0,0.0,0.0,0.0,0.0,0.0,0.0,1.0,0.0,0.0,1.0
-0.6345726837062218,-0.6198122854558686,-0.39719898906804246,0.7453800806050931,-0.008000305917351382,-0.4966665563688188,0.0,0.0,0.0,0.0,0.0,0.0,0.0,0.0,0.0,1.0,0.0,0.0,0.0,2.0
-0.6385058509898067,-0.17502834498290462,-1.8065123596517958,-0.041659354827975954,-1.6384352552783434,-2.7566130462245164,0.0,0.0,0.0,0.0,0.0,0.0,0.0,0.0,1.0,0.0,0.0,0.0,0.0,3.0
-0.12459227718623118,-0.14902283233428376,0.04176338392790409,0.659864479002225,0.0466740886139456,0.8289455600324049,0.0,0.0,0.0,0.0,0.0,0.0,0.0,1.0,0.0,0.0,0.0,0.0,0.0,3.0
0.10874241695983336,-0.327922824520486,1.8812637510108203,2.324550834038112,0.7876604023046319,-0.07441513650973977,0.0,0.0,0.0,0.0,0.0,0.0,0.0,0.0,0.0,0.0,0.0,1.0,0.0,3.0
-0.6299504014436285,-0.7377338341901323,0.21926110209703814,-0.21879458015836165,0.1251124588097111,-0.6738744753833935,0.0,1.0,0.0,0.0,0.0,0.0,0.0,0.0,0.0,0.0,0.0,0.0,0.0,2.0
-1.1963972441653774,-1.3340671414774732,0.20873722427127017,2.171122141557091,2.7150945002662277,1.6694863900602437,0.0,0.0,0.0,0.0,1.0,0.0,0.0,0.0,0.0,0.0,0.0,0.0,0.0,1.0
0.3580574879012463,0.3473237625281872,0.1377611513105169,-0.17183822949912006,-0.11891878934143069,0.19973583574703044,0.0,0.0,0.0,0.0,1.0,0.0,0.0,0.0,0.0,0.0,0.0,0.0,0.0,2.0
-0.7941403927400001,-1.015275426078,1.0484213232691664,1.5779114362914524,1.4690382194920213,1.1288163692891127,0.0,0.0,0.0,0.0,0.0,0.0,0.0,0.0,1.0,0.0,0.0,0.0,0.0,2.0
-0.007877815848630263,-0.2019305994469952,0.7521829824391384,0.18512189865003212,0.721238197319885,0.6436946469143883,0.0,0.0,1.0,0.0,0.0,0.0,0.0,0.0,0.0,0.0,0.0,0.0,0.0,2.0
1.3043885464977416,1.157978363712783,0.6133066982680789,-0.5140552440847841,0.05392002967499064,0.033030699858078924,0.0,1.0,0.0,0.0,0.0,0.0,0.0,0.0,0.0,0.0,0.0,0.0,0.0,2.0
0.13022071196480614,0.0487087379767819,0.26399286392285204,-0.2814179078573183,-0.017665722385450285,0.5007749032558348,0.0,0.0,0.0,0.0,0.0,0.0,0.0,1.0,0.0,0.0,0.0,0.0,0.0,3.0
-0.916987554031875,-0.8704516228796457,-0.9427997423370261,-0.054631322267002666,-0.9730929818292064,-1.6675074854266916,0.0,0.0,0.0,1.0,0.0,0.0,0.0,0.0,0.0,0.0,0.0,0.0,0.0,2.0
1.4468226981038017,1.3978567993509237,0.3864407102991217,0.10953095076090026,0.3001547533022487,0.6382970756982524,0.0,0.0,0.0,0.0,0.0,0.0,1.0,0.0,0.0,0.0,0.0,0.0,0.0,3.0
-0.3099706928706964,-0.40369750792767445,0.22087396977846113,-0.8496073260303003,-0.31312504067794467,-0.2431358969069067,0.0,0.0,1.0,0.0,0.0,0.0,0.0,0.0,0.0,0.0,0.0,0.0,0.0,2.0
-0.8667282792460583,-1.0592157750360145,1.2008284902570512,-0.1005984699150713,0.7316667780465264,0.17292490870705288,1.0,0.0,0.0,0.0,0.0,0.0,0.0,0.0,0.0,0.0,0.0,0.0,0.0,3.0
0.058201464104449686,-0.0938732106828981,0.4939895991326936,0.0028698998677491546,0.45297725954698853,0.32111329725956966,0.0,0.0,1.0,0.0,0.0,0.0,0.0,0.0,0.0,0.0,0.0,0.0,0.0,2.0
-0.6443422872385867,-0.30864287548788777,-1.5871181824752914,0.07550451848763667,-1.3345241546819666,-1.994522751346547,0.0,0.0,0.0,0.0,0.0,0.0,0.0,0.0,0.0,0.0,1.0,0.0,0.0,2.0
-0.7926449237089389,-0.26380578471440347,-2.37279966335399,-0.22542804333337385,-2.1572629333566473,-1.7210061080455985,0.0,0.0,0.0,0.0,0.0,0.0,1.0,0.0,0.0,0.0,0.0,0.0,0.0,1.0
-0.41029588256153215,-0.17637345770610915,-0.915130221918689,-1.855249070175636,-1.2206080975511635,-1.2383087237211496,0.0,1.0,0.0,0.0,0.0,0.0,0.0,0.0,0.0,0.0,0.0,0.0,0.0,1.0
0.020832096378448788,0.25585609735027925,-0.6464627415136294,0.022931606949272928,-0.7877127553668999,-1.0576449076712837,0.0,0.0,0.0,0.0,0.0,0.0,0.0,1.0,0.0,0.0,0.0,0.0,0.0,2.0
0.6567768217109705,0.36167163157570215,0.9490977381845456,0.38011535296278526,0.88061904285417,1.0633529519332552,0.0,0.0,1.0,0.0,0.0,0.0,0.0,0.0,0.0,0.0,0.0,0.0,0.0,2.0
1.9190715670539873,1.151701171004495,1.9299338608653742,3.7859516076404574,1.6558541115599754,0.7111081332767936,0.0,0.0,0.0,0.0,1.0,0.0,0.0,0.0,0.0,0.0,0.0,0.0,0.0,2.0
1.5373196442123684,1.7937683108807898,-0.16245012870446127,-0.2624595094515066,-0.27508170829260115,0.5032974189942456,0.0,0.0,0.0,0.0,0.0,0.0,0.0,0.0,1.0,0.0,0.0,0.0,0.0,3.0
-0.7560449813481607,-0.926497986346501,0.6974499241864779,-0.5361965672973076,0.5352501267367908,-0.30279060488514603,0.0,0.0,1.0,0.0,0.0,0.0,0.0,0.0,0.0,0.0,0.0,0.0,0.0,1.0
-0.13730365019422644,-0.37141480257076576,0.9462692508876546,0.39282020696620185,0.7286101618968944,0.7930660026499375,0.0,0.0,0.0,0.0,0.0,0.0,1.0,0.0,0.0,0.0,0.0,0.0,0.0,2.0
0.03867481471031083,0.00476838901876731,0.16304542030295918,-0.24710399547993267,0.16348177460414134,0.9141436543397259,0.0,0.0,0.0,0.0,0.0,1.0,0.0,0.0,0.0,0.0,0.0,0.0,0.0,2.0
-0.29070503933318886,-0.39562683158844725,0.3027732778477798,-0.47635295515054976,0.16862614765451536,0.4196374532266675,0.0,0.0,0.0,0.0,0.0,1.0,0.0,0.0,0.0,0.0,0.0,0.0,0.0,2.0
-1.243485485085133,-1.3237546105995717,-0.8589807268905927,0.5830253397898238,-0.2926853361022655,-1.051889066447812,0.0,0.0,0.0,1.0,0.0,0.0,0.0,0.0,0.0,0.0,0.0,0.0,0.0,2.0
1.1741395611216299,0.7894174775547421,1.1933049412925103,1.1937380304593994,1.1043559346754168,1.3664392766268443,0.0,0.0,0.0,0.0,0.0,0.0,0.0,0.0,0.0,0.0,0.0,1.0,0.0,2.0
-0.44284674932468976,-0.41042307154369706,-0.27936703077852393,-1.176940999423603,-0.8748554848620913,-0.16942689393662436,0.0,0.0,1.0,0.0,0.0,0.0,0.0,0.0,0.0,0.0,0.0,0.0,0.0,2.0
0.6005618612919332,1.2418237234591984,-1.0123064523109426,-0.9272514449277767,-1.1040438109854969,0.006124580986446121,0.0,0.0,0.0,1.0,0.0,0.0,0.0,0.0,0.0,0.0,0.0,0.0,0.0,2.0
1.119569056559281,1.1333179637873665,0.2537592876986324,-0.27547988908482124,-0.010451422608475053,0.2667818813379117,0.0,0.0,0.0,0.0,0.0,0.0,0.0,0.0,1.0,0.0,0.0,0.0,0.0,2.0
-0.5049264635347168,-0.8377205466150022,1.7888147226241635,1.5893209178566345,2.3734753785527976,1.3603966481636995,0.0,0.0,0.0,1.0,0.0,0.0,0.0,0.0,0.0,0.0,0.0,0.0,0.0,3.0
-0.7255912091469194,-0.809921550335442,0.03425518180851617,-0.9758342360315745,-0.5542474234547156,-0.7183309817790816,0.0,0.0,0.0,0.0,0.0,1.0,0.0,0.0,0.0,0.0,0.0,0.0,0.0,2.0
-0.5891845686040514,-0.15619676685804124,-1.7168108883703208,-0.3158465029676746,-1.685767816141213,-1.084344468705614,0.0,0.0,0.0,0.0,0.0,0.0,0.0,0.0,0.0,1.0,0.0,0.0,0.0,1.0
0.27051722375078374,0.1912906866364619,0.39966253782551914,-0.6539182811243629,0.18657242670772706,0.39066706679071,0.0,0.0,1.0,0.0,0.0,0.0,0.0,0.0,0.0,0.0,0.0,0.0,0.0,1.0
-0.6519182100085739,-0.650301507181838,-0.3220557501479511,-1.4761007531630697,-0.9300878673848088,-1.0672828821217142,0.0,1.0,0.0,0.0,0.0,0.0,0.0,0.0,0.0,0.0,0.0,0.0,0.0,2.0
-0.6500545791127847,-0.6583721835210651,-0.3592276294564905,0.2174777408965996,-0.16381702915504448,0.11326703294112635,0.0,0.0,0.0,0.0,0.0,0.0,0.0,1.0,0.0,0.0,0.0,0.0,0.0,2.0
-0.13970070223788172,0.986700676958073,-2.3214215616340117,-0.6986560037145587,-2.1579265094170665,-0.6290138218059461,0.0,0.0,0.0,0.0,0.0,0.0,0.0,0.0,0.0,1.0,0.0,0.0,0.0,2.0
0.5000445671392532,0.775517979414962,-0.38943805691842165,-0.7491471293446182,-0.38022951282793266,0.013974392774673732,0.0,0.0,0.0,0.0,0.0,0.0,0.0,0.0,0.0,0.0,1.0,0.0,0.0,2.0
0.8187213425455995,0.5078405474972608,1.01073027857594,0.30552721920556586,0.5830414171110908,1.1176459777335055,0.0,0.0,1.0,0.0,0.0,0.0,0.0,0.0,0.0,0.0,0.0,0.0,0.0,2.0
-1.1206627343443782,-1.248876669007853,0.14377078237505783,-1.0835398192571193,-0.20728425938270906,-0.9746199820109119,0.0,0.0,0.0,0.0,1.0,0.0,0.0,0.0,0.0,0.0,0.0,0.0,0.0,2.0
-0.41873811912769193,-0.5695947437895662,0.5666123606084086,-0.17700696219259635,0.5278341872527192,0.43933644077464395,0.0,0.0,1.0,0.0,0.0,0.0,0.0,0.0,0.0,0.0,0.0,0.0,0.0,2.0
-1.1596167606737946,-1.3098551124597917,0.29413905197617696,0.6665534023006343,0.9518861352446608,0.07417282646086104,0.0,0.0,0.0,0.0,0.0,0.0,0.0,0.0,0.0,1.0,0.0,0.0,0.0,2.0
-1.0732083800386127,-0.22569425755694186,-3.4631867801770224,1.3623868874349254,-0.3718380181524826,1.2485845155562096,0.0,0.0,0.0,1.0,0.0,0.0,0.0,0.0,0.0,0.0,0.0,0.0,0.0,1.0
0.9511947530215026,0.6011016963061082,1.0768587063715267,1.129699669412234,1.5725974145858501,0.6357792381908851,0.0,0.0,0.0,1.0,0.0,0.0,0.0,0.0,0.0,0.0,0.0,0.0,0.0,3.0
-0.49838514286239843,-0.42342582786800753,-0.5165586897983865,-1.2638146892618494,-0.8076424925663227,-0.46446544836174536,0.0,0.0,1.0,0.0,0.0,0.0,0.0,0.0,0.0,0.0,0.0,0.0,0.0,1.0
-0.49664841122617676,0.31010897718619523,-2.2942196674282975,-0.3126364251676929,-1.8396296234993634,-0.787466252279895,0.0,0.0,0.0,0.0,0.0,0.0,0.0,0.0,0.0,0.0,1.0,0.0,0.0,2.0
-0.5372689050166675,-0.6148802054707854,0.06963887624876088,-0.14658079061576706,-0.18618180512349713,-0.9555269285903404,0.0,0.0,0.0,0.0,0.0,0.0,0.0,0.0,1.0,0.0,0.0,0.0,0.0,2.0
-0.3250372351917012,-0.5852877255602857,1.1992815676987243,0.8910129325107315,1.4251753000281968,1.43323015522454,0.0,0.0,0.0,0.0,0.0,0.0,0.0,0.0,0.0,0.0,0.0,1.0,0.0,2.0
0.44047066107885985,0.35539443886741434,0.30176724102236,0.7102905113132025,0.4851444606918985,0.6054671185183867,0.0,0.0,0.0,0.0,0.0,0.0,0.0,0.0,0.0,1.0,0.0,0.0,0.0,3.0
-0.40353957257454515,-0.49875214036746107,0.1569219236257185,-0.38903859277520797,-0.08255113529811665,-0.8617640946241474,0.0,1.0,0.0,0.0,0.0,0.0,0.0,0.0,0.0,0.0,0.0,0.0,0.0,2.0
1.7482768983251868,2.17802217880955,-0.2698650501717774,-0.9134288478436129,-0.5757069395549188,0.6228068425112288,0.0,0.0,0.0,1.0,0.0,0.0,0.0,0.0,0.0,0.0,0.0,0.0,0.0,2.0
-0.07401709557800482,-0.23600678843484324,0.6531805898122967,1.833892406267278,0.7997626730730458,1.260899028403751,0.0,0.0,0.0,1.0,0.0,0.0,0.0,0.0,0.0,0.0,0.0,0.0,0.0,2.0
-0.4413329821086043,-0.5126516385072413,0.13278816364187668,-0.42672002260920244,-0.11641190698950248,-0.8375102197417511,0.0,0.0,1.0,0.0,0.0,0.0,0.0,0.0,0.0,0.0,0.0,0.0,0.0,3.0
-0.44055086816011907,-0.5274478784624911,0.14429699988040443,-0.04012068264473957,0.1644052476524441,-0.5070913501436027,0.0,0.0,1.0,0.0,0.0,0.0,0.0,0.0,0.0,0.0,0.0,0.0,0.0,2.0
-0.6278955235453454,-0.6996223070326707,0.017140248954644267,0.38257431849221835,0.17726653206098364,0.4190968840063313,0.0,0.0,0.0,0.0,0.0,0.0,1.0,0.0,0.0,0.0,0.0,0.0,0.0,2.0
1.3191309332547911,1.1812936509149947,0.5496924019253258,0.8822081916550458,1.4919858438660771,0.5628435972856585,0.0,0.0,0.0,0.0,0.0,0.0,0.0,0.0,1.0,0.0,0.0,0.0,0.0,3.0
-0.0655081635434764,-0.34092558084479646,1.1480748724024767,1.047646740003219,1.4095497370586658,1.2937922735369038,0.0,0.0,0.0,1.0,0.0,0.0,0.0,0.0,0.0,0.0,0.0,0.0,0.0,3.0
-0.6572377743111653,-0.45301830777850716,-1.2992586725370054,-0.5875251346352819,-1.5012750480984574,-1.45793782030578,0.0,0.0,0.0,0.0,0.0,0.0,0.0,0.0,0.0,1.0,0.0,0.0,0.0,2.0
-0.13519528234805342,-0.3037107955028045,0.5842116292575481,0.6459804356714651,0.595292831214305,0.5999623510242731,0.0,0.0,0.0,0.0,0.0,0.0,1.0,0.0,0.0,0.0,0.0,0.0,0.0,3.0
-0.3654551911658243,-0.3960752024961821,-0.028693120145809783,-0.5923597062356427,0.05259369060909396,0.00032390596214130997,0.0,0.0,0.0,0.0,1.0,0.0,0.0,0.0,0.0,0.0,0.0,0.0,0.0,2.0
1.0457333487592313,1.0880325021061474,0.14072258346202143,0.513378750731689,0.21091021683400235,1.0859155894166068,0.0,0.0,0.0,0.0,0.0,0.0,0.0,0.0,0.0,0.0,1.0,0.0,0.0,3.0
-0.8423899415695872,-1.0793924658840826,1.297347830282704,1.5267720550680906,1.3628525322140865,0.9836134718471269,0.0,0.0,0.0,1.0,0.0,0.0,0.0,0.0,0.0,0.0,0.0,0.0,0.0,2.0
-0.7083907767276628,-0.4803689331503325,-1.3227649918651423,-2.5801894561212104,-1.8772083255843648,-1.7023101324798766,0.0,0.0,0.0,1.0,0.0,0.0,0.0,0.0,0.0,0.0,0.0,0.0,0.0,1.0
2.852476856724003,2.794532176944959,0.5295382572562667,-0.5759623760004255,-0.1096146919082987,0.130529841090253,0.0,0.0,1.0,0.0,0.0,0.0,0.0,0.0,0.0,0.0,0.0,0.0,0.0,3.0
-0.2995472666999204,-0.4494313405166284,0.5526869762927772,-0.08756574871156639,0.4355891991213663,0.36828818736003666,0.0,0.0,0.0,1.0,0.0,0.0,0.0,0.0,0.0,0.0,0.0,0.0,0.0,2.0
-0.1767530201109863,0.33566611892708126,-1.5050013297808704,0.002912133582694867,-1.3472319877718153,-0.2597182823410185,0.0,0.0,0.0,0.0,0.0,0.0,1.0,0.0,0.0,0.0,0.0,0.0,0.0,2.0
-0.6884253494580735,-0.610396496393437,-0.8419979465594419,-0.317721221334235,-0.7899674870255164,-1.5018194184366054,0.0,0.0,0.0,0.0,1.0,0.0,0.0,0.0,0.0,0.0,0.0,0.0,0.0,2.0
0.20920878571029275,0.2007064756988936,0.08769001250956035,0.03816093529047419,0.05524636874088791,0.8496323511683862,0.0,0.0,1.0,0.0,0.0,0.0,0.0,0.0,0.0,0.0,0.0,0.0,0.0,1.0
-0.33234100357141405,0.13524432316960655,-1.559258736250824,-0.5829438422166654,-1.4641797365262084,-0.18720246558824508,0.0,0.0,0.0,0.0,0.0,1.0,0.0,0.0,0.0,0.0,0.0,0.0,0.0,2.0
-0.05286141390366218,0.17021725397292428,-0.6194389692946618,-0.4736655551589134,-0.8101308440930758,-0.2655009111455755,0.0,0.0,0.0,0.0,0.0,0.0,0.0,0.0,0.0,0.0,1.0,0.0,0.0,2.0
-0.6708778222926574,-0.45615690413265103,-1.3256378286558181,0.06380353272780202,-1.133716641166171,-1.5679841474494203,0.0,0.0,0.0,0.0,0.0,1.0,0.0,0.0,0.0,0.0,0.0,0.0,0.0,2.0
