ride_id,ride_date,elapsed_time,distance,moving_time,max_speed,avg_speed,elevation_gain,elevation_loss,avg_power,calories,perceived_exertion,perceived_relative_effort,simple_exertion,start_time,end_time,row_count,segment_count,ride_elapsed_time,ride_moving_time,elapsed_distance,elapsed_ascent,elapsed_descent,elapsed_elevation,ride_avg_speed,ride_cruise_speed,ride_max_speed,training_window_id,ride_avg_power,ride_max_power,peak_20min_power
2975587283,1/2/2020 14:02,1642,8.49,1411,9,6.023033142,19.55750084,,,,7,45,HARD,2020-01-02 14:02:58+00:00,2020-01-02 14:29:32+00:00,1352,5,1595,1352,5.266646771,137.1458,138.7863,275.9321,14.04550914,14.54707541,20.10767398,0,116.870855,552.0265418,124.7823571
2992935347,1/8/2020 13:20,1728,8.42,1472,14.19999981,5.7254076,46.30178452,,,,,,,2020-01-08 13:20:26+00:00,2020-01-08 13:49:06+00:00,1426,5,1721,1426,5.167961068,215.2336,153.2227,368.4563,13.11980809,14.15406929,30.58562272,0,122.3045546,970.2957791,131.1787973
2994399692,1/8/2020 22:08,1608,8.52,1481,11.39999962,5.756245613,26.52630997,,,,,,,2020-01-08 22:08:17+00:00,2020-01-08 22:35:04+00:00,1423,7,1608,1423,5.257608607,158.4723,219.4989,377.9712,13.33980031,15.44382259,25.54456797,0,113.1618629,1299.649583,126.4619321
3248077156,4/2/2020 21:38,5143,10.36,2544,13.39999962,4.074764252,72.45040894,55.75040054,,,5,45,NORMAL,2020-04-02 21:38:02+00:00,2020-04-02 23:03:45+00:00,2580,5,5144,2580,6.759675758,329.4124,274.6197,604.0321,9.548413215,13.49573751,219.4574737,1,402.4954913,260893.371,737.9133424
3255473930,4/4/2020 17:23,9348,34.95,6356,14.39999962,5.498945713,105.7043686,106.1039963,,,5,114,NORMAL,2020-04-04 17:23:43+00:00,2020-04-04 19:59:16+00:00,6416,12,9334,6416,22.73009007,575.1593,576.4717,1151.631,12.76418036,14.00971699,513.3994341,1,2104.76001,3328600.522,121.0683762
3286667096,4/11/2020 21:08,4558,18.16,3904,11.69999981,4.651741982,75.83333588,75.83329773,,,3,32,EASY,2020-04-11 21:08:20+00:00,2020-04-11 22:24:03+00:00,3957,10,4544,3957,11.34140832,326.1314,326.1314,652.2628,10.3334688,12.53840604,44.92813196,1,78.95678102,2345.325633,98.236627
3290080609,4/12/2020 14:28,7406,14.37,3380,8.699999809,4.251360893,66.49954224,66.49949646,,,3,28,EASY,2020-04-12 14:28:14+00:00,2020-04-12 16:31:38+00:00,3418,16,7405,3418,8.937974442,299.8834,299.8834,599.7668,9.430805767,12.26660419,19.26409369,1,69.97620328,635.2905562,87.31622609
3294902966,4/13/2020 18:10,2600,7.77,1799,10.60000038,4.32395792,65.0258255,65.02580261,,,7,57,HARD,2020-04-13 18:10:15+00:00,2020-04-13 18:52:41+00:00,1860,9,2547,1860,4.852929041,238.2006,238.2006,476.4012,9.406777904,12.31789185,23.91176849,1,79.15294535,400.2204932,93.04254968
3299844988,4/14/2020 21:25,2623,11.52,2128,11.80000019,5.415272713,43.47553253,43.87549973,,,6,56,NORMAL,2020-04-14 21:25:18+00:00,2020-04-14 22:08:58+00:00,2173,10,2621,2173,7.171176732,175.8616,177.174,353.0356,11.90480464,14.39345917,25.47984983,1,102.3011067,570.3076739,
3309212141,4/16/2020 20:30,2289,11.56,2122,10.30000019,5.450612545,45.13260651,45.13259888,,,,,,2020-04-16 20:30:48+00:00,2020-04-16 21:08:56+00:00,2131,5,2289,2131,7.20997997,183.0798,183.0798,366.1596,12.1873257,14.15189987,22.95361704,1,101.1187393,336.4147431,112.4992837
3311386012,4/17/2020 11:57,3028,11.22,2323,9.600000381,4.831295967,41.29494476,41.29489899,,,6,61,NORMAL,2020-04-17 11:57:02+00:00,2020-04-17 12:47:28+00:00,2351,8,3027,2351,6.994478005,175.2054,175.2054,350.4108,10.72424441,12.75937285,21.29573946,1,76.95464939,461.2310061,91.85670503
3318357988,4/18/2020 20:01,4413,17.5,3733,9.899999619,4.690008163,15.14982605,15.34980011,,,4,41,EASY,2020-04-18 20:01:32+00:00,2020-04-18 21:15:05+00:00,3779,10,4414,3779,10.90666784,127.3028,127.959,255.2618,10.39680278,12.05602427,21.92806558,1,63.86391436,333.7760684,79.13334771
3323709534,4/19/2020 18:50,5267,24.41,4588,10.5,5.322166443,86.34075165,86.34079742,,,7,146,HARD,2020-04-19 18:50:31+00:00,2020-04-19 20:18:17+00:00,4624,15,5267,4624,15.18626884,369.4406,369.4406,738.8812,11.83653428,13.73852598,23.37894745,1,92.7089084,516.8576928,118.0770898
3328174429,4/20/2020 19:50,5700,28.66,4495,10.19999981,6.377908707,95.3977356,95.59770203,,,7,143,HARD,2020-04-20 19:50:55+00:00,2020-04-20 21:25:50+00:00,4503,8,5696,4503,17.81427535,429.4829,430.1391,859.622,14.24768384,14.90839648,22.68657397,1,122.3050784,578.4783011,134.2664899
3338503991,4/22/2020 22:02,2877,14.41,2661,11.5,5.41762495,54.37619019,54.37620163,,,6,70,NORMAL,2020-04-22 22:02:08+00:00,2020-04-22 22:50:02+00:00,2753,6,2875,2753,8.992319024,227.0452,227.0452,454.0904,11.76884886,14.1721977,25.85734879,1,97.31291982,466.0842038,
3367398159,4/28/2020 17:54,3119,13.96,2743,11.5,5.091432571,52.56885529,52.76890182,95.97492981,293.5339661,,,,2020-04-28 17:54:44+00:00,2020-04-28 18:46:42+00:00,2850,10,3119,2850,8.708460569,240.8254,241.4816,482.307,11.01732999,14.06532033,28.51609358,2,91.11667717,630.3860436,
3371564928,4/29/2020 16:17,2832,13.87,2610,9.300000191,5.31455946,53.47972107,53.57970047,92.59281158,269.4589233,,,,2020-04-29 16:17:33+00:00,2020-04-29 17:04:45+00:00,2660,4,2833,2660,8.644248379,236.232,236.5601,472.7921,11.70658327,14.11162418,23.94778671,2,96.99325752,769.4466765,110.8498669
3381861723,5/1/2020 20:07,2923,13.98,2657,12.39999962,5.263981819,53.3515892,53.35160065,90.59703064,268.3985901,5,47,NORMAL,2020-05-01 20:07:49+00:00,2020-05-01 20:56:30+00:00,2700,8,2922,2700,8.707117239,234.9196,234.9196,469.8392,11.62207554,13.95054283,27.61967584,2,95.87043714,480.6150616,101.5220603
3387969771,5/2/2020 19:24,11064,56.57,10006,11.19999981,5.654087543,69.87750244,69.87750244,83.1822052,928.0380249,8,430,HARD,2020-05-02 19:24:07+00:00,2020-05-02 22:28:31+00:00,10070,12,11065,10070,35.18218482,356.3166,356.3166,712.6332,12.58148941,13.92925799,24.12212506,2,96.6628392,682.9482693,123.6568318
3392547429,5/3/2020 16:00,3043,13.94,2630,9.600000381,5.302395344,53.46356964,53.2635994,89.10372925,261.2921448,7,84,HARD,2020-05-03 16:00:10+00:00,2020-05-03 16:49:34+00:00,2674,10,2965,2674,8.688326601,241.8097,241.1535,482.9632,11.71621544,14.12322418,21.33101027,2,96.49956658,710.4707352,97.95682373
3403711514,5/5/2020 17:36,5287,13.93,2858,8.600000381,4.873932838,34.42618942,34.42620087,81.08757782,258.3994141,5,51,NORMAL,2020-05-05 17:36:52+00:00,2020-05-05 18:33:25+00:00,2893,14,3394,2893,8.676150569,179.1426,179.1426,358.2852,10.81734442,13.14818257,19.31113247,2,78.28135977,397.8716017,115.6934315
3409562162,5/6/2020 16:08,9981,35.46,7023,13.60000038,5.050149441,125.6317291,125.8320007,93.54187012,732.4934082,8,302,HARD,2020-05-06 16:08:31+00:00,2020-05-06 18:54:40+00:00,7181,22,9970,7181,22.07375636,623.7181,624.3743,1248.0924,11.07677592,13.87303665,35.65472266,2,89.93771112,1198.524932,144.6915893
3413829516,5/7/2020 14:08,7584,39.4,6359,12.69999981,6.196100235,78.25357056,78.1536026,83.45313263,591.7062378,5,114,NORMAL,2020-05-07 14:08:45+00:00,2020-05-07 16:14:38+00:00,6369,8,7554,6369,24.4682972,319.2413,318.9132,638.1545,13.8324401,14.31978337,28.21893558,2,109.0404132,565.0144105,150.497627
3426486852,5/9/2020 19:11,2796,13.09,2574,9.199999809,5.087917805,41.43781281,41.43780136,87.16253662,250.1572418,6,67,NORMAL,2020-05-09 19:11:39+00:00,2020-05-09 19:58:13+00:00,2622,7,2795,2622,8.185592415,190.9542,190.9542,381.9084,11.25298039,13.78238705,20.61770586,2,85.11337879,366.2992547,107.1568851
3429560753,5/10/2020 11:36,3365,15.63,2873,10,5.441385269,62.65007782,62.75009918,85.1725769,272.8414917,5,51,NORMAL,2020-05-10 11:36:47+00:00,2020-05-10 12:32:52+00:00,2947,3,3366,2947,9.744943114,279.2131,279.5412,558.7543,11.90832215,13.57360916,22.28690601,2,91.77441542,559.4346311,113.7365683
3436691351,5/11/2020 21:50,3091,13.35,2554,9.800000191,5.228151798,50.44762039,50.84759903,88.72816467,252.6721802,5,46,NORMAL,2020-05-11 21:50:05+00:00,2020-05-11 22:41:34+00:00,2584,6,3090,2584,8.322204443,221.7956,223.108,444.9036,11.60259032,13.59908277,21.9199929,2,91.55181262,593.0913784,102.1335118
3442173104,5/12/2020 22:13,4558,23.26,4302,11.10000038,5.407275677,90.56047821,90.76049805,89.57888031,429.685791,5,77,NORMAL,2020-05-12 22:13:32+00:00,2020-05-12 23:29:28+00:00,4339,7,4557,4339,14.48176479,411.4374,412.0936,823.531,12.02281073,13.69089501,24.83156799,2,94.16944264,513.785187,114.7684423
3447043102,5/13/2020 21:36,1920,9.9,1707,10.30000019,5.804276466,51.79053116,51.69049835,96.2776413,183.245636,3,14,EASY,2020-05-13 21:36:38+00:00,2020-05-13 22:08:21+00:00,1714,5,1904,1714,6.156931197,192.2666,191.9385,384.2051,12.94768868,13.98094052,22.85442259,2,112.1528255,724.3172622,
3462186653,5/16/2020 16:35,9461,34.68,6366,11.69999981,5.447675228,139.1385498,139.6390076,95.32161713,676.6013184,5,114,NORMAL,2020-05-16 16:35:08+00:00,2020-05-16 19:12:47+00:00,6420,16,9460,6420,21.57494032,740.8498,742.4903,1483.3401,12.10788967,13.98613218,26.15941252,2,101.3374239,830.4872041,135.4024608
3467007853,5/17/2020 13:52,5179,13.13,2519,8.699999809,5.215720654,64.88597107,65.08599854,90.97428131,255.518158,6,66,NORMAL,2020-05-17 13:52:22+00:00,2020-05-17 15:16:19+00:00,2582,6,5038,2582,8.192895556,312.6793,313.3355,626.0148,11.42847494,13.43168972,19.38640298,2,93.58990592,852.3455909,95.87557868
3479529124,5/19/2020 21:06,3155,13.18,2829,14.30000019,4.65942049,45.60307693,46.10309982,87.70597839,276.6541138,3,23,EASY,2020-05-19 21:06:24+00:00,2020-05-19 21:58:57+00:00,2881,9,3154,2881,8.229425835,260.1833,261.8238,522.0071,10.30005212,13.03527522,31.89337177,2,79.89585059,769.8658168,107.8606015
3485129056,5/20/2020 21:55,3151,13.03,2619,9.199999809,4.976403236,48.88203049,49.18199921,88.53040314,258.5251465,5,47,NORMAL,2020-05-20 21:55:15+00:00,2020-05-20 22:47:44+00:00,2683,9,3150,2683,8.106895572,266.4172,267.4015,533.8187,10.89845746,13.35856255,19.67059864,2,84.36350643,521.6190138,104.258775
3491112140,5/21/2020 22:17,6634,15.6,3655,9.899999619,4.270396709,73.06698608,73.16699982,94.3176651,384.3752747,4,40,EASY,2020-05-21 22:17:30+00:00,2020-05-22 00:04:18+00:00,3705,24,6409,3705,9.754155541,359.2695,359.5976,718.8671,9.501188104,13.8616812,22.11182067,2,78.82404085,577.8818796,121.9621554
3495633786,5/22/2020 22:09,2967,13.98,2597,12.39999962,5.38301897,59.85612869,59.85609818,103.187233,298.7939453,5,46,NORMAL,2020-05-22 22:09:57+00:00,2020-05-22 22:59:23+00:00,2669,11,2967,2669,8.694617558,310.7107,310.7107,621.4214,11.74131511,14.62567673,27.64684182,2,103.2449398,600.3096821,106.7289479
3505140940,5/24/2020 12:37,14222,65.11,10259,22.39999962,6.347168446,232.402832,232.4029999,98.43791962,1126.01001,7,327,HARD,2020-05-24 12:37:45+00:00,2020-05-24 16:34:47+00:00,10341,18,14223,10341,40.33796379,1052.2167,1052.2167,2104.4334,14.05744087,15.1092098,187.6241458,2,193.2171717,162816.0175,139.7040268
3509569681,5/25/2020 12:03,12033,50.22,8988,11.30000019,5.588117599,172.857193,171.8569946,72.68257141,728.3973999,8,386,HARD,2020-05-25 12:03:55+00:00,2020-05-25 15:23:53+00:00,9075,17,11999,9075,31.23710552,833.7021,830.4211,1664.1232,12.39538971,13.92164035,25.92333001,2,99.5660957,638.6181945,137.2271338
3514057032,5/26/2020 11:42,3133,15.96,2923,11.19999981,5.46209383,65.73403931,66.23400116,94.96324921,309.4988403,3,24,EASY,2020-05-26 11:42:20+00:00,2020-05-26 12:34:31+00:00,2983,5,3132,2983,9.941465945,355.0042,356.6447,711.6489,12.00380065,14.24471106,24.59660996,2,99.76507527,613.6515901,118.7898123
3528272192,5/28/2020 22:19,5072,28.14,4580,11.69999981,6.144629002,107.8399963,107.8399963,105.2184753,537.3167725,5,82,NORMAL,2020-05-28 22:19:33+00:00,2020-05-28 23:43:18+00:00,4676,9,5026,4676,17.52100574,528.8972,528.8972,1057.7944,13.49650847,15.17184597,26.19703911,2,120.4487654,832.5956343,148.4218828
3533307586,5/30/2020 0:42,3684,19.53,3439,11.80000019,5.681040764,83.42642212,83.32640076,93.18589783,357.3199463,4,38,EASY,2020-05-30 00:42:07+00:00,2020-05-30 01:42:25+00:00,3479,6,3619,3479,12.16963533,359.5976,359.2695,718.8671,12.61605884,14.21969996,39.809083,2,106.1889123,1655.94747,117.3823162
3537801646,5/30/2020 16:57,3666,17.45,3244,9.100000381,5.379716396,66.22090149,55.1208992,99.12885284,358.5551758,6,85,NORMAL,2020-05-30 16:57:50+00:00,2020-05-30 17:58:54+00:00,3294,7,3665,3294,10.8676691,318.5851,282.166,600.7511,11.88866548,14.30374164,22.54296262,2,101.8157804,785.661247,130.7995749
3574896451,6/6/2020 22:59,4705,23.17,4200,12.5,5.517428398,102.6876602,102.8880005,99.96392059,468.1309509,4,46,EASY,2020-06-06 22:59:55+00:00,2020-06-07 00:18:19+00:00,4222,7,4705,4222,14.41411508,554.489,555.1452,1109.6342,12.2982429,13.82794084,27.8224799,2,103.7774069,869.0286534,130.563084
3578546511,6/7/2020 14:23,4352,23.29,3957,12.80000019,5.888020992,103.2489471,103.7490005,103.5538864,456.8859558,5,71,NORMAL,2020-06-07 14:23:23+00:00,2020-06-07 15:35:04+00:00,3971,7,4302,3971,14.5010218,556.4576,558.0981,1114.5557,13.15419739,14.42690204,26.6158034,2,114.9355634,946.530146,133.9436587
3585272060,6/8/2020 22:31,3673,19.56,3323,12.69999981,5.888082981,79.60097504,80.10099792,103.8865128,384.9164124,6,87,NORMAL,2020-06-08 22:31:48+00:00,2020-06-08 23:31:58+00:00,3356,8,3611,3356,12.17483623,433.7482,435.3887,869.1369,13.06705624,14.91841833,42.85178125,2,116.6203551,2261.190117,137.2805858
3595127133,6/10/2020 20:42,2784,14.27,2503,12.19999981,5.700998783,59.53806305,60.0381012,101.0652542,282.0567627,6,66,NORMAL,2020-06-10 20:42:55+00:00,2020-06-10 21:29:18+00:00,2524,6,2784,2524,8.870069059,311.0388,312.6793,623.7181,12.66234448,14.44776939,33.29240597,2,111.9746908,1448.030319,131.8551827
3600626004,6/11/2020 23:05,5227,22.32,4221,14,5.288249016,82.91238403,83.21240234,102.591095,482.8358154,4,46,EASY,2020-06-11 23:05:44+00:00,2020-06-12 00:32:25+00:00,4318,14,5202,4318,13.92097882,454.7466,455.7309,910.4775,11.61786069,14.7274172,29.23409635,2,100.6228871,1155.774337,142.7479222
3605468165,6/13/2020 0:30,8498,38.87,5104,10.10000038,7.617241383,123.1157608,122.6159973,65.60823822,373.3736267,,,,2020-06-13 00:30:42+00:00,2020-06-13 02:52:17+00:00,5124,8,8496,5124,17.41966775,612.8908,611.2503,1224.1411,12.24557627,13.50309569,22.14827696,2,98.59954067,615.22239,128.6316929
3616509421,6/14/2020 22:53,5455,30.56,4906,9.600000381,6.229351997,51.33335495,54.63335419,93.44013214,511.1352844,6,129,NORMAL,2020-06-14 22:53:48+00:00,2020-06-15 00:24:43+00:00,4973,7,5456,4973,18.82361135,243.7783,254.6056,498.3839,13.63092314,15.07490582,21.50086136,2,113.300797,344.703042,149.863281
3626334378,6/16/2020 22:11,4070,20.38,3564,10.60000038,5.71812582,84.67711639,85.17710114,101.890358,404.8966064,6,94,NORMAL,2020-06-16 22:11:58+00:00,2020-06-16 23:19:36+00:00,3663,10,4059,3663,12.7063469,464.2615,465.902,930.1635,12.50396119,14.68155041,40.62919021,2,110.1765887,1685.687732,128.716536
3631560247,6/17/2020 22:33,5537,24.92,4627,12.69999981,5.386449337,117.0999832,117.5999985,103.7960281,535.4944458,6,122,NORMAL,2020-06-17 22:33:36+00:00,2020-06-18 00:05:51+00:00,4689,12,5536,4689,15.49110973,608.6255,610.266,1218.8915,11.90299393,14.25654127,27.89479365,2,102.9398364,1010.522391,129.5800407
3640590441,6/19/2020 22:46,4010,19.59,3494,9.5,5.606468201,79.91666412,79.91670227,97.97934723,381.7087402,4,38,EASY,2020-06-19 22:46:34+00:00,2020-06-19 23:53:17+00:00,3532,6,4004,3532,12.19584238,439.3259,439.3259,878.6518,12.43602984,14.0597479,28.05129066,3,103.113286,1053.853379,119.0806877
3649439502,6/21/2020 13:58,3852,19.5,3454,10.89999962,5.645570278,74.62605286,74.62609863,95.51655579,367.8544922,,,,2020-06-21 13:58:15+00:00,2020-06-21 15:02:25+00:00,3511,8,3851,3511,12.14847483,438.6697,438.6697,877.3394,12.46414492,14.09720727,24.41023654,3,102.4511946,593.1530163,129.7593831
3675817946,6/26/2020 22:11,3193,15.78,2771,11,5.69433403,67.83178711,68.33180237,106.3775787,328.6723938,6,73,NORMAL,2020-06-26 22:11:57+00:00,2020-06-26 23:02:57+00:00,2803,6,3061,2803,9.828784255,351.7232,353.3637,705.0869,12.63197455,14.56401368,24.48884024,3,109.7589185,561.2708776,129.9689584
3680029110,6/27/2020 16:26,8904,40.26,6838,11.30000019,5.887642384,107.5005569,109.3010025,88.85681915,677.4771118,6,180,NORMAL,2020-06-27 16:26:07+00:00,2020-06-27 18:54:30+00:00,6893,6,8904,6893,25.03869561,604.3602,610.266,1214.6262,13.08971507,14.17301491,37.46367565,3,103.9965182,1548.095102,136.7116557
3694748047,6/30/2020 17:12,10653,27.39,6543,11.69999981,4.187024117,108.0357361,108.0360031,90.67565918,661.5195923,5,118,NORMAL,2020-06-30 17:12:33+00:00,2020-06-30 20:07:48+00:00,6675,34,10516,6675,17.06883902,576.7998,576.7998,1153.5996,9.218873712,13.47269723,25.95372245,3,72.7761377,1019.560213,120.3540592
3695897735,6/30/2020 23:43,10981,46.75,8598,11.10000038,5.437915802,189.3347626,189.4349976,96.86898041,928.6608276,7,274,HARD,2020-06-30 23:43:15+00:00,2020-07-01 02:46:04+00:00,8739,23,10970,8739,29.08657436,961.6611,961.9892,1923.6503,11.98889484,14.55828502,24.75921006,3,102.8495532,962.0348186,156.4235888
3700575573,7/1/2020 23:19,4986,28.61,4394,10.10000038,6.512516975,107.1149597,107.0149612,108.0009384,529.1300659,7,140,HARD,2020-07-01 23:19:25+00:00,2020-07-02 00:41:39+00:00,4421,4,4935,4421,17.78782334,510.8517,510.5236,1021.3753,14.48961161,15.32629131,22.60410097,3,131.8905232,895.7413334,142.1915246
3712163423,7/4/2020 12:17,5621,25.34,5235,8.300000191,4.841375351,21.64910698,21.5491066,79.25162506,462.5937195,2,24,EASY,2020-07-04 12:17:09+00:00,2020-07-04 13:50:45+00:00,5250,5,5617,5250,15.75944695,246.7312,246.4031,493.1343,10.81073705,11.5758116,18.32196875,3,64.51733947,317.3264855,77.46569192
3719948347,7/5/2020 23:33,3201,18.81,3013,10.80000019,6.243246078,53.80057526,54.00059891,115.4138641,387.7327576,8,129,HARD,2020-07-05 23:33:21+00:00,2020-07-06 00:26:41+00:00,3029,6,3201,3029,11.7112848,306.4454,307.1016,613.547,13.93045855,16.03941819,24.11267494,3,133.1539541,535.1247747,154.5397003
3724676540,7/7/2020 0:41,3355,18.12,3064,10.80000019,5.914262295,54.39476013,54.39479828,105.4530106,360.2654114,6,80,NORMAL,2020-07-07 00:41:57+00:00,2020-07-07 01:37:38+00:00,3112,6,3342,3112,11.29078863,308.0859,308.0859,616.1718,13.06976171,15.43477579,23.88890305,3,117.4633262,627.9873948,159.1298238
3731391933,7/8/2020 10:54,4420,24.33,4146,11.60000038,5.870115757,115.046669,115.0469971,99.7914505,461.315155,6,109,NORMAL,2020-07-08 10:54:26+00:00,2020-07-08 12:08:04+00:00,3978,16,4419,3978,15.05654845,588.9395,588.9395,1177.879,13.65036045,14.79059257,25.7716739,3,123.5906763,817.0569203,156.0548966
3743546997,7/10/2020 23:23,5709,30.34,5286,13.10000038,5.740143776,117.7270355,107.6269989,102.8682098,606.2926636,5,95,NORMAL,2020-07-10 23:23:17+00:00,2020-07-11 00:57:50+00:00,5366,11,5674,5366,18.87641008,616.4999,583.3618,1199.8617,12.67023185,14.59258678,29.28675954,3,112.9490005,894.030234,150.5212167
3744867729,7/11/2020 2:32,3554,16.87,3059,11.60000038,5.515560627,56.44738007,67.6473999,92.03590393,313.9146729,,,,2020-07-11 02:32:26+00:00,2020-07-11 03:25:46+00:00,3104,5,3201,3104,10.50232266,329.0843,365.8315,694.9158,12.18831794,13.90829289,25.59493393,3,95.71233737,574.5468339,127.6288616
3752089074,7/12/2020 11:15,16790,84.4,13393,21.79999924,6.301911354,290.2681885,290.2681885,107.2217102,1601.16272,8,576,HARD,2020-07-12 11:15:01+00:00,2020-07-12 15:53:06+00:00,13566,23,16686,13566,52.49584276,1391.144,1391.144,2782.288,13.93725619,15.5491314,64.4367067,3,128.6111783,6603.969391,158.4715051
3760330379,7/14/2020 11:05,2118,13.15,1905,10.30000019,6.90503931,47.2383728,32.13837433,121.4601822,257.9905396,7,60,HARD,2020-07-14 11:05:42+00:00,2020-07-14 11:40:59+00:00,1921,4,2118,1921,8.176810526,212.2807,162.7376,375.0183,15.32785082,16.74341725,22.95237977,3,156.3079463,589.2952336,173.0128271
3763294489,7/14/2020 21:28,2018,8.77,1366,11,6.422327995,20.0233326,40.72333145,115.5614777,176.0105286,6,36,NORMAL,2020-07-14 21:28:37+00:00,2020-07-14 22:02:14+00:00,1380,4,2018,1380,5.46241292,102.0391,169.9558,271.9949,14.25600858,16.66212421,24.50338877,3,132.0322631,390.8280915,146.3049195
3763409786,7/14/2020 22:02,2100,13.85,1984,10.89999962,6.983417511,49.43381119,55.43381119,116.7209396,258.2054138,6,52,NORMAL,2020-07-14 22:02:33+00:00,2020-07-14 22:37:01+00:00,2001,3,2069,2001,8.606287835,240.4973,260.1833,500.6806,15.49017191,16.18296828,23.14372384,3,147.5606248,842.7535889,159.9580219
3763827080,7/15/2020 0:10,2176,14.27,2136,12.10000038,6.68305254,57.50630951,50.60630798,112.9407806,268.9842834,9,106,HARD,2020-07-15 00:10:27+00:00,2020-07-15 00:46:38+00:00,2138,2,2172,2138,8.873316659,267.0734,244.4345,511.5079,14.94325839,15.61949036,26.4919616,3,141.545787,553.4675136,151.0598625
3768736363,7/16/2020 0:02,2435,14.12,2289,13.5,6.171384811,59.0336113,59.63359833,115.0665436,293.6780396,6,60,NORMAL,2020-07-16 00:02:32+00:00,2020-07-16 00:43:06+00:00,2330,6,2435,2330,8.755222948,308.7421,310.7107,619.4528,13.58107765,16.01569998,55.7941419,3,138.0273202,4401.023163,160.0720156
3803410526,7/22/2020 23:28,3321,17.98,3040,9.600000381,5.917039394,56.43821335,56.63819885,106.7290649,361.7686157,6,80,NORMAL,2020-07-22 23:28:27+00:00,2020-07-23 00:23:22+00:00,3085,8,3296,3085,11.19031698,307.4297,308.0859,615.5156,13.06786464,15.53697803,21.35003401,3,118.1284696,580.162027,147.2275362
3806694608,7/23/2020 22:44,11290,35.25,6385,12.10000038,5.520673275,140.0309448,140.2310028,100.8336411,717.8649902,5,115,NORMAL,2020-07-23 22:44:24+00:00,2020-07-24 01:51:35+00:00,6516,25,11232,6516,21.91699634,757.2548,757.911,1515.1658,12.12085349,14.56584744,26.96094715,3,105.411009,865.4272691,141.2794597
3809576084,7/25/2020 0:39,2012,10.55,1834,11.80000019,5.755289078,16.85059547,16.85059929,108.0652847,220.9832001,7,58,HARD,2020-07-25 00:39:52+00:00,2020-07-25 01:12:46+00:00,1852,5,1975,1852,6.577038286,120.0846,120.0846,240.1692,12.79602445,15.46432612,26.38979544,3,116.5707827,649.9678177,131.9863872
3815541338,7/26/2020 11:40,14229,42.26,8631,11.60000038,4.896431446,191.5142059,191.4140015,91.01821899,875.9195557,6,227,NORMAL,2020-07-26 11:40:44+00:00,2020-07-26 15:35:02+00:00,8743,23,14059,8743,26.30051934,841.2484,840.9203,1682.1687,10.83806733,13.49066208,24.12973419,3,85.46706247,705.2498984,136.726046
3816918024,7/26/2020 23:20,3013,7.82,1832,9.300000191,4.268668175,9.906970024,10.40697002,95.1415329,194.3436432,6,48,NORMAL,2020-07-26 23:20:04+00:00,2020-07-27 00:10:16+00:00,1872,13,3013,1872,4.862384787,116.8036,118.4441,235.2477,9.370461192,14.60681765,19.66352878,3,75.92164431,325.1593023,
3829974032,7/28/2020 21:52,1284,3.62,821,12.89999962,4.409865856,4.605045795,4.405049801,119.2263565,109.1412659,6,21,NORMAL,2020-07-28 21:52:40+00:00,2020-07-28 22:13:15+00:00,844,9,1236,844,2.236188887,59.058,58.4018,117.4598,9.55326244,15.43556251,28.8147683,3,92.26538769,654.5260728,
3835655059,7/29/2020 21:20,6259,32.01,5114,13.10000038,6.260989666,129.321991,129.121994,122.7423859,699.8883667,8,220,HARD,2020-07-29 21:20:47+00:00,2020-07-29 23:04:21+00:00,5202,12,6215,5202,19.8891652,708.3679,707.7117,1416.0796,13.77514291,16.14606013,29.15275388,3,137.0704436,1005.500648,186.2460011
3845870049,8/1/2020 0:18,3967,19.14,3247,23.60000038,5.895811558,59.61666489,60.11669922,118.5065536,429.043335,6,85,NORMAL,2020-08-01 00:18:31+00:00,2020-08-01 01:24:26+00:00,3265,14,3956,3265,11.64284295,335.9744,337.6149,673.5893,12.8511415,17.0612801,217.955512,3,405.4549146,245980.1331,153.6664341
3850723804,8/1/2020 23:34,3565,10.48,2702,9.699999809,3.881606102,32.34799957,32.34799957,83.35521698,251.126709,4,30,EASY,2020-08-01 23:34:16+00:00,2020-08-02 00:33:42+00:00,2759,8,3567,2759,6.540239221,195.5476,195.5476,391.0952,8.54179336,11.32441907,21.67255812,3,54.20432638,508.6811356,74.99768636
3854038503,8/2/2020 13:10,7324,24.56,5437,23.89999962,4.518208504,80.85250092,81.55249786,85.32687378,517.2734375,,,,2020-08-02 13:10:01+00:00,2020-08-02 15:12:03+00:00,5498,20,7323,5498,14.84233877,466.2301,468.5268,934.7569,9.73696925,16.32092618,198.0820618,3,501.8059796,190752.0173,1730.516353
3856128927,8/2/2020 23:14,3161,10.29,1821,41.29999924,5.653542042,10.88452339,10.28450012,106.934082,217.1203918,3,15,EASY,2020-08-02 23:14:31+00:00,2020-08-03 00:07:04+00:00,1906,6,3154,1906,6.423843592,165.3624,163.3938,328.7562,12.160945,18.47961658,208.8164816,3,837.7122756,224373.8436,1282.434482
3865916771,8/4/2020 21:28,2845,8.25,2107,10.30000019,3.91665864,11.6930542,11.29310036,76.9949646,180.8847351,,,,2020-08-04 21:28:33+00:00,2020-08-04 22:15:56+00:00,2119,13,2844,2119,5.085292718,90.5556,89.2432,179.7988,8.657560556,14.40142784,23.08446719,3,68.12816346,406.9059971,
3870291831,8/5/2020 20:13,4109,16.39,2920,11.10000038,5.615479469,80.22000122,80.41999817,113.7984009,370.50354,5,52,NORMAL,2020-08-05 20:13:05+00:00,2020-08-05 21:21:33+00:00,2979,18,4109,2979,10.22436678,395.3605,396.0167,791.3772,12.38541928,15.71171924,36.87760641,3,124.5668958,1469.015837,161.3230235
3873464261,8/6/2020 12:33,7464,28.58,5390,48.5,5.302244663,72.79441071,99.0943985,91.22416687,548.2437744,6,142,NORMAL,2020-08-06 12:33:08+00:00,2020-08-06 14:37:32+00:00,5562,38,7465,5562,15.32016102,327.1157,413.406,740.5217,9.937490576,19.1062971,1740.118663,3,65546.16146,129572835.9,302729.6595
3874203333,8/6/2020 16:14,4422,5.86,3270,18,1.793639183,15.89999962,15.69999981,102.0719833,372.1595459,3,27,EASY,2020-08-06 16:14:39+00:00,2020-08-06 17:28:20+00:00,3353,16,4422,3353,3.605817888,106.3044,105.6482,211.9526,3.87373836,16.44847732,110.7445293,3,90.36409935,33129.41968,153.3395023
3875911617,8/6/2020 22:28,4720,5.09,1141,13.30000019,4.465293407,18.36666679,12.16666698,110.3790054,140.425827,5,20,NORMAL,2020-08-06 22:28:05+00:00,2020-08-06 23:46:19+00:00,1159,11,4695,1159,3.171579146,78.4159,58.0737,136.4896,9.914663097,15.00244795,28.82195075,3,94.0701933,615.1641047,
3888490329,8/9/2020 13:01,1540,4.72,1123,10.19999981,4.208637714,13.66628838,18.96628952,77.41306305,96.93238068,2,5,EASY,2020-08-09 13:01:14+00:00,2020-08-09 13:26:48+00:00,1135,4,1535,1135,2.939115762,83.3374,100.7267,184.0641,9.336950645,10.93574376,23.10953613,3,57.09202744,508.3812655,
3902986200,8/12/2020 14:44,5580,10.4,1727,19,6.021829605,30.85000038,31.04999924,130.2162018,250.7445831,7,55,HARD,2020-08-12 14:44:32+00:00,2020-08-12 16:17:16+00:00,1754,5,5565,1754,6.298919638,217.8584,218.5146,436.373,12.9468555,17.66068086,116.6275031,3,417.5788689,93328.86926,267.2226818
3922365744,8/16/2020 12:52,11079,20.95,6697,19,3.128430605,67.63182068,68.03181458,75.63647461,564.7892456,,,,2020-08-16 12:52:17+00:00,2020-08-16 15:56:44+00:00,6798,26,11068,6798,12.37357598,375.6745,376.9869,752.6614,6.561572907,11.24592541,50.33438206,4,46.67669547,3557.49844,85.88012938
3924016323,8/16/2020 21:54,1268,6.08,1017,11.5,5.986037254,23.62138939,24.72138977,125.0320435,141.7807159,,,,2020-08-16 21:54:15+00:00,2020-08-16 22:14:47+00:00,1021,5,1233,1021,3.777239137,115.8193,119.4284,235.2477,13.33664498,16.49845313,25.33545184,4,136.2459331,614.7105696,
3924085714,8/16/2020 23:50,1020,5.19,988,10.30000019,5.252327919,16.63484192,16.03484154,95.57505035,105.2873917,6,26,NORMAL,2020-08-16 23:50:57+00:00,2020-08-17 00:07:50+00:00,990,2,1014,990,3.224117366,88.2589,86.2903,174.5492,11.74016748,13.26957352,22.91302365,4,94.3167657,443.5054343,
3938300771,8/19/2020 21:24,9162,42.1,6342,35.40000153,6.638489246,160.6982574,160.5980072,139.0703125,983.4098511,6,167,NORMAL,2020-08-19 21:24:50+00:00,2020-08-19 23:57:31+00:00,6396,12,9162,6396,27.67431138,1117.5086,1117.1805,2234.6891,15.63561815,19.59831786,756.1320585,4,11712.2532,10631942.81,60711.19207
3942695122,8/20/2020 21:10,2000,3.9,871,19.10000038,4.478645325,5.676388741,6.07638979,108.6206894,105.4889145,3,7,EASY,2020-08-20 21:10:09+00:00,2020-08-20 21:43:26+00:00,889,8,1998,889,2.407645132,79.4002,80.7126,160.1128,9.778108175,16.07332013,43.19903439,4,127.5637216,2252.510004,
3955182746,8/23/2020 13:00,2283,7.35,1806,10.60000038,4.070542812,16.82363701,27.32363701,83.55641174,168.2566986,,,,2020-08-23 13:00:31+00:00,2020-08-23 13:38:18+00:00,1827,6,2268,1827,4.563726631,103.0234,137.4739,240.4973,9.00300345,10.51956974,23.05806495,4,46.84950989,330.2075412,56.41190198
3956271614,8/23/2020 17:27,5539,25.76,4799,27.39999962,5.369493484,70.31666565,70.21669769,123.3847275,660.2189331,8,206,HARD,2020-08-23 17:27:56+00:00,2020-08-23 19:00:11+00:00,4907,13,5536,4907,16.43424075,428.8267,428.4986,857.3253,12.06220129,17.13422965,260.1637174,4,658.380206,433255.7,2322.238108
3964264713,8/25/2020 14:38,6478,10.14,2152,23.79999924,4.715427399,9.451428413,8.951430321,100.5884399,241.3588867,5,38,NORMAL,2020-08-25 14:38:03+00:00,2020-08-25 16:25:41+00:00,2214,19,6459,2214,5.455882501,126.3185,124.678,250.9965,8.918375727,17.24591048,161.1506309,4,278.7588545,103596.0782,498.4062425
3988078366,8/30/2020 14:59,11047,27.52,5842,27.60000038,4.711211681,122.101799,141.7019958,87.31626892,568.7635498,5,105,NORMAL,2020-08-30 14:59:09+00:00,2020-08-30 18:03:14+00:00,6023,24,11046,6023,17.1037338,535.1311,599.4387,1134.5698,10.23761485,13.53922461,83.39461412,4,90.5394621,14638.33568,109.4862442
4003175803,9/2/2020 21:21,5151,23.6,4173,12.80000019,5.656314373,117.6379395,118.038002,95.57357788,444.6939392,5,75,NORMAL,2020-09-02 21:21:17+00:00,2020-09-02 22:46:42+00:00,4224,15,5126,4224,14.66691938,611.2503,612.5627,1223.813,12.52273936,14.54142812,28.28082057,4,112.72417,1058.440085,146.0824245
4003355461,9/2/2020 23:24,1309,4.21,798,18.20000076,5.277694225,4.900952339,4.80095005,123.4260864,109.820755,4,8,EASY,2020-09-02 23:24:55+00:00,2020-09-02 23:46:42+00:00,797,5,1308,797,2.614944565,79.4002,79.0721,158.4723,11.88185307,17.49956833,55.76834447,4,164.5138142,4672.505859,
4008153143,9/3/2020 22:56,5746,10.76,2412,9.5,4.464179039,37.68000031,36.88000107,96.59346771,259.7766418,6,63,NORMAL,2020-09-03 22:56:23+00:00,2020-09-04 00:32:09+00:00,2519,20,5747,2519,6.700831734,202.4377,199.8129,402.2506,9.590300258,14.26488693,21.34773662,4,80.32041336,492.1810217,
4037172186,9/9/2020 22:23,4956,25.3,4528,11.5,5.587256908,108.7969055,108.7969971,103.5216904,522.6535645,6,119,NORMAL,2020-09-09 22:23:50+00:00,2020-09-09 23:45:04+00:00,4579,8,4875,4579,15.76306267,601.4073,601.4073,1202.8146,12.4020521,14.15829825,25.72925942,4,107.6225095,1164.072877,137.8785563
4071000092,9/16/2020 23:40,3290,14.94,2890,12.5,5.171591759,88.18478394,88.88480377,107.8873444,347.6496887,5,52,NORMAL,2020-09-16 23:40:59+00:00,2020-09-17 00:35:11+00:00,2948,7,3253,2948,9.298651888,420.6242,422.9209,843.5451,11.36404022,13.90794683,27.95748121,4,100.5591684,1072.747055,120.20006
4074900404,9/17/2020 19:07,6100,19.26,4612,22.89999962,4.176799774,72.88571167,73.48570251,102.3370438,526.2557373,5,83,NORMAL,2020-09-17 19:07:52+00:00,2020-09-17 20:48:49+00:00,4701,18,6058,4701,11.18108896,471.4797,473.4483,944.928,8.580334662,18.05069113,82.33996183,4,170.4085547,14279.09646,293.8970782
4079221652,9/18/2020 19:50,5622,21,3792,13.30000019,5.538211823,72.4536438,86.1536026,106.3830643,449.7958374,10,231,HARD,2020-09-18 19:50:38+00:00,2020-09-18 21:23:52+00:00,3888,18,5595,3888,13.04919075,344.1769,389.1266,733.3035,12.09572576,15.00058002,27.37256053,4,109.6273277,669.2894766,137.8193314
4104212687,9/24/2020 0:27,3851,14.67,3293,11.39999962,4.45633173,73.75765228,74.35769653,90.98030853,334.0519104,2,15,EASY,2020-09-24 00:27:29+00:00,2020-09-24 01:31:34+00:00,3343,9,3846,3343,9.136591845,354.348,356.3166,710.6646,9.848654797,12.51545576,31.5004861,4,78.0102222,1198.365114,104.2678645
4108365472,9/24/2020 22:25,5430,24.28,4548,10.30000019,5.339313984,74.84260559,75.04260254,92.0920105,467.0003662,5,82,NORMAL,2020-09-24 22:25:22+00:00,2020-09-24 23:55:49+00:00,4648,18,5428,4648,15.11824782,423.5771,424.2333,847.8104,11.72706105,14.45448705,23.28870975,4,96.43934997,595.6333084,125.4941469
4120059933,9/27/2020 12:56,9189,30.68,6175,56.59999847,4.968971729,96.95716095,96.85716248,83.65126038,575.9494019,3,51,EASY,2020-09-27 12:56:30+00:00,2020-09-27 15:29:31+00:00,6227,17,9182,6227,18.63150405,531.1939,530.8658,1062.0597,10.78254348,16.01142417,414.0917126,4,2480.667925,1748384.429,9802.424036
4203579387,10/16/2020 19:04,3786,18.07,3114,9.199999809,5.804752827,54.85129547,55.45130157,98.02722168,340.3612366,7,99,HARD,2020-10-16 19:04:26+00:00,2020-10-16 20:06:37+00:00,3169,8,3732,3169,11.22530108,318.9132,320.8818,639.795,12.76784338,14.524287,21.96733688,5,104.3733307,522.1929858,128.4413988
4230821659,10/22/2020 22:39,3541,15.93,2891,11.19999981,5.510273457,71.06990051,71.06990051,99.15528107,319.6236267,6,76,NORMAL,2020-10-22 22:39:49+00:00,2020-10-22 23:38:04+00:00,2952,11,3496,2952,9.899906976,366.8158,366.8158,733.6316,12.0869367,14.05871762,24.92390156,5,103.346328,619.2754913,131.3322042
4237853887,10/24/2020 16:01,1460,8.78,1326,10.80000019,6.625188351,26.07571411,38.47570038,121.1527634,179.1235046,7,42,HARD,2020-10-24 16:01:08+00:00,2020-10-24 16:24:57+00:00,1351,4,1430,1351,5.476035129,110.5697,151.2541,261.8238,14.60211725,17.28852126,24.15084595,5,145.8395096,553.5820957,
4238060996,10/24/2020 16:56,797,4.66,730,9.100000381,6.382739544,9.911190033,13.81119061,91.86291504,74.77182007,5,13,NORMAL,2020-10-24 16:56:01+00:00,2020-10-24 17:08:57+00:00,732,2,777,732,2.894785701,36.7472,49.5431,86.2903,14.25507509,15.49099527,20.41073191,5,117.6566375,239.5782074,
4238714069,10/24/2020 18:50,6752,15.86,4987,11,3.181772709,35.25231171,35.25231171,76.17150879,423.552063,,,,2020-10-24 18:50:52+00:00,2020-10-24 20:43:16+00:00,5282,27,6745,5282,9.902422853,184.3922,184.3922,368.7844,6.768297274,10.70969034,24.54492888,5,38.8680314,398.9725894,34.46447353
4238817655,10/24/2020 20:44,2308,12.42,2058,9.899999619,6.034985542,49.44269943,35.6427002,103.1366272,236.6653748,7,65,HARD,2020-10-24 20:44:22+00:00,2020-10-24 21:22:49+00:00,2097,5,2308,2097,7.747065308,192.2666,146.9888,339.2554,13.31279428,15.12342755,21.87793673,5,118.2320058,606.5923624,144.1909705
4329474548,11/12/2020 21:30,3278,9.15,2324,9.100000381,3.937177181,12.13749981,12.13749981,90.93786621,235.6437378,,,,2020-11-12 21:30:19+00:00,2020-11-12 22:24:29+00:00,2401,12,3251,2401,5.673624222,98.7581,98.7581,197.5162,8.518009285,15.07252089,20.1782068,5,71.0450272,277.0136062,77.28054108
4348081788,11/16/2020 20:46,5659,15.2,4075,10.10000038,3.731950998,70.74143219,71.04139709,91.64292908,416.3909607,6,107,NORMAL,2020-11-16 20:46:37+00:00,2020-11-16 22:19:37+00:00,4300,29,5581,4300,9.565006849,303.8206,304.8049,608.6255,8.026023145,13.92018437,22.52567313,5,64.1254866,649.4944695,115.2215168
4351835276,11/17/2020 17:11,1966,9.87,1811,9.699999809,5.453119755,34.82083511,34.82080078,82.33827209,166.2628479,,,,2020-11-17 17:11:02+00:00,2020-11-17 17:43:29+00:00,1849,4,1948,1849,6.148691891,152.8946,152.8946,305.7892,11.99126568,13.5522488,21.62201242,5,91.02368248,350.7653655,107.6546283
4356983762,11/18/2020 18:10,2364,7.61,1443,8.600000381,5.277754784,8.970000267,8.970000267,91.12255096,146.6112518,4,16,EASY,2020-11-18 18:10:43+00:00,2020-11-18 18:49:07+00:00,1486,8,2305,1486,4.742745543,66.9324,66.9324,133.8648,11.51122957,14.77328885,19.18182532,5,93.37745865,292.3969481,
4361964395,11/19/2020 20:16,3548,10.98,2756,10.19999981,3.984143734,26.36000061,25.45999908,95.20835114,292.5697021,5,49,NORMAL,2020-11-19 20:16:24+00:00,2020-11-19 21:15:31+00:00,2895,16,3548,2895,6.841975795,147.9731,145.0202,292.9933,8.535527978,14.76074418,22.59794081,5,72.06338098,410.9219856,78.56383929
4403807192,11/28/2020 17:06,8912,20.21,3784,12,5.341067791,108.5492096,108.1492081,97.93473053,413.202301,5,68,NORMAL,2020-11-28 17:06:44+00:00,2020-11-28 19:35:14+00:00,3839,15,8911,3839,12.54928371,436.373,435.0606,871.4336,11.78220362,14.3566662,26.80613472,5,103.2227575,916.9575876,144.4606003
4412809348,11/30/2020 17:40,2712,10.29,1967,9.5,5.234875679,28.14595222,28.14599991,81.69444275,179.1725616,5,35,NORMAL,2020-11-30 17:40:12+00:00,2020-11-30 18:22:12+00:00,2007,9,2521,2007,6.401887027,140.0987,140.0987,280.1974,11.50132444,13.40955551,21.12614449,5,85.98253114,483.0373902,101.1208533
4422108022,12/2/2020 19:54,3050,6.31,2039,10.39999962,3.098773956,14.2396822,13.43970013,82.11420441,186.6854095,3,16,EASY,2020-12-02 19:54:53+00:00,2020-12-02 20:45:41+00:00,2107,21,3049,2107,3.914410004,91.868,89.2432,181.1112,6.705282194,13.9015798,22.95906379,5,48.86840951,354.2933304,47.98718431
4425571905,12/3/2020 17:05,5128,21.09,3961,9.600000381,5.326255798,51.60193634,50.70190048,91.47094727,403.982605,7,126,HARD,2020-12-03 17:05:01+00:00,2020-12-03 18:30:02+00:00,4036,17,5102,4036,13.11505453,292.009,289.0561,581.0651,11.71077662,14.06268333,21.39151686,6,93.70314671,621.8059326,119.5533458
4434685320,12/5/2020 20:49,4018,9.23,2462,9.199999809,3.751665354,12.6922617,12.69229984,82.71080017,227.0518951,5,44,NORMAL,2020-12-05 20:49:49+00:00,2020-12-05 21:56:38+00:00,2568,21,4010,2568,5.735322481,91.2118,91.2118,182.4236,8.060129842,14.72018091,20.66881545,6,63.79269981,351.4812817,82.52718114
4439566437,12/6/2020 18:36,8206,38.41,6891,12,5.574575424,148.42659,148.427002,101.1133957,776.8981934,10,421,HARD,2020-12-06 18:36:38+00:00,2020-12-06 20:51:46+00:00,7013,24,8109,7013,23.87576344,727.0696,727.0696,1454.1392,12.26940736,14.82017485,26.62649494,6,106.5057131,1006.245071,137.1372884
4447920062,12/8/2020 21:15,3603,17.9,2945,10.69999981,6.079558372,53.63571548,53.53570175,102.4611969,336.4486389,6,77,NORMAL,2020-12-08 21:15:25+00:00,2020-12-08 22:15:26+00:00,2974,8,3602,2974,11.13379565,262.48,262.1519,524.6319,13.49033981,15.18835812,23.81939885,6,116.7974335,522.6926993,141.2461707
4450338751,12/9/2020 13:44,3596,18.34,2935,10.60000038,6.250017166,79.76773834,67.06770325,111.6547852,365.3937683,6,77,NORMAL,2020-12-09 13:44:23+00:00,2020-12-09 14:44:12+00:00,2990,7,3590,2990,11.40034744,379.9398,338.2711,718.2109,13.73662744,15.56112857,23.59690124,6,130.0369607,458.1798113,155.2386734
4450821610,12/9/2020 15:53,3755,18.87,3416,13.19999981,5.524677753,66.74121094,79.24120331,86.54946899,329.6531982,10,208,HARD,2020-12-09 15:53:02+00:00,2020-12-09 16:55:36+00:00,3476,8,3755,3476,11.7348103,338.2711,379.2836,717.5547,12.17006023,13.85539391,28.85030484,6,93.10078789,993.7178847,112.1014933
4456136306,12/10/2020 20:41,5261,24.76,4294,9.5,5.76646471,67.87408447,67.17410278,94.09111023,450.4902954,5,77,NORMAL,2020-12-10 20:41:42+00:00,2020-12-10 22:09:21+00:00,4347,15,5260,4347,15.38613886,355.0042,352.7075,707.7117,12.76407615,14.72393225,29.56295096,6,106.0130256,613.5203143,129.3431365
4472002417,12/14/2020 17:05,2611,11.22,1963,9.899999619,5.717371464,26.46583366,26.7658329,85.62465668,187.4105377,2,9,EASY,2020-12-14 17:05:27+00:00,2020-12-14 17:43:01+00:00,1968,5,2255,1968,6.980239026,127.3028,128.2871,255.5899,12.77964669,14.26002995,22.05683704,6,99.01176593,286.7894481,119.2865638
4477068537,12/15/2020 21:12,3563,17.93,3096,11.5,5.793378353,53.42761993,52.82759857,100.5874176,347.2303467,7,98,HARD,2020-12-15 21:12:39+00:00,2020-12-15 22:12:00+00:00,3164,9,3562,3164,11.15075437,270.0263,268.0577,538.084,12.7007268,15.51738352,25.66463014,6,113.5950823,572.819015,136.1195591
4483794877,12/17/2020 15:27,4546,23.07,3848,12.60000038,5.996153831,102.8130417,102.8130035,106.4550171,456.7473145,5,69,NORMAL,2020-12-17 15:27:53+00:00,2020-12-17 16:41:57+00:00,3901,11,4445,3901,14.34943131,491.1657,491.1657,982.3314,13.25218876,14.82518775,38.95018666,6,119.1066732,1912.58715,144.6107914
4488400318,12/18/2020 19:35,5432,26.62,4447,10.60000038,5.988037109,54.14400864,54.14400864,88.26703644,437.6637268,6,117,NORMAL,2020-12-18 19:35:24+00:00,2020-12-18 21:04:34+00:00,4511,9,5351,4511,16.55949712,247.7155,247.7155,495.431,13.22103492,15.02332988,23.6972986,6,108.3603183,554.8531706,145.9901671
4512706104,12/24/2020 14:04,4336,20.29,3836,11.89999962,5.289442062,143.6551056,143.4550018,95.17445374,407.074646,8,165,HARD,2020-12-24 14:04:48+00:00,2020-12-24 15:16:06+00:00,3873,8,4279,3873,12.62590232,557.4419,556.7857,1114.2276,11.74218525,13.27407662,26.55728143,6,98.92516583,677.4570874,137.4857015
4535982703,12/29/2020 19:00,3562,18.12,3131,10.5,5.78949213,53.03733826,52.43730164,105.6095123,368.6913757,6,82,NORMAL,2020-12-29 19:00:00+00:00,2020-12-29 19:59:20+00:00,3170,10,3561,3170,11.24100529,269.3701,267.4015,536.7716,12.77553924,15.65657925,23.38891546,6,112.4752098,483.8849349,138.7766466
4540079650,12/30/2020 15:58,3007,15.61,2710,11.30000019,5.760147572,63.16666794,62.16669846,108.9247513,329.1332397,8,116,HARD,2020-12-30 15:58:43+00:00,2020-12-30 16:48:49+00:00,2792,6,3007,2792,9.732864387,309.3983,306.1173,615.5156,12.56463733,15.36920815,24.81284166,6,112.2970411,625.4209521,142.220988
4567823595,1/4/2021 20:42,1724,7.54,1320,9.800000191,5.713106155,6.683333397,6.683330059,100.0796661,147.2977448,5,23,NORMAL,2021-01-04 20:42:38+00:00,2021-01-04 21:11:20+00:00,1335,7,1723,1335,4.685777471,68.901,68.901,137.802,12.64869846,15.51821984,21.55453839,6,108.102933,309.6979133,119.2393704
4587714515,1/8/2021 16:24,2546,11.53,2213,14.19999981,5.21025753,51.78701401,51.18700027,105.4558945,260.2121582,6,58,NORMAL,2021-01-08 16:24:19+00:00,2021-01-08 17:06:44+00:00,2260,7,2546,2260,7.187705204,232.6229,230.6543,463.2772,11.46399841,15.17504182,31.91402072,6,103.5538745,1097.776791,131.3178529
4638471665,1/17/2021 19:38,3689,12.12,2929,10.89999962,4.138955116,47.11999893,47.11999893,95.29924011,311.2314758,7,93,HARD,2021-01-17 19:38:18+00:00,2021-01-17 20:37:33+00:00,3039,16,3556,3039,7.572857849,229.0138,229.0138,458.0276,8.980655094,14.59430077,23.96639035,6,76.91182324,827.8920951,106.3368151
4649177294,1/19/2021 21:10,5888,17.46,4522,10,3.863025188,75.45920563,75.459198,82.15891266,414.2476501,6,119,NORMAL,2021-01-19 21:10:09+00:00,2021-01-19 22:47:54+00:00,4786,24,5866,4786,10.81648346,344.505,344.505,689.01,8.144353354,14.6816053,22.2647471,6,66.93463198,963.1401858,113.2963309
4659559424,1/21/2021 21:28,4885,9.62,3185,8.699999809,3.020973206,14.25829029,12.85830021,65.85643005,233.8741913,2,15,EASY,2021-01-21 21:28:24+00:00,2021-01-21 22:49:36+00:00,3394,33,4873,3394,5.862538463,128.6152,124.0218,252.637,6.25176827,14.38483784,19.35768506,6,47.47726993,362.4575896,74.50133632
4664342824,1/22/2021 20:54,3913,16.39,3176,10.69999981,5.161083221,35.70840836,35.40840149,86.15606689,305.0994263,7,101,HARD,2021-01-22 20:54:37+00:00,2021-01-22 21:58:58+00:00,3235,15,3862,3235,10.19360545,229.9981,229.0138,459.0119,11.36868745,13.9791996,23.77218717,6,86.49927804,403.2457841,109.3741064
4697172498,1/28/2021 20:54,5150,19.96,4344,10.60000038,4.59541893,42.56404877,42.56399918,87.89070892,425.7038879,6,114,NORMAL,2021-01-28 20:54:33+00:00,2021-01-28 22:20:02+00:00,4464,17,5130,4464,12.40576527,240.4973,240.4973,480.9946,10.01674382,14.70762406,23.5520503,7,80.37457318,572.6361361,92.11257876
4702002534,1/29/2021 21:22,4543,18.05,3441,10.89999962,5.247108459,53.29180145,53.29180145,99.6111908,382.1797791,8,148,HARD,2021-01-29 21:22:51+00:00,2021-01-29 22:38:34+00:00,3516,22,4544,3516,11.23603996,258.2147,258.2147,516.4294,11.51769911,15.53542823,24.34147714,7,100.4169765,587.0930114,142.198719
4713663927,1/31/2021 18:48,3059,7.02,2484,10.39999962,2.827777863,14.3769846,14.67700005,84.18671417,233.1685333,,,,2021-01-31 18:48:16+00:00,2021-01-31 19:37:51+00:00,2591,9,2976,2591,4.386204749,91.2118,92.1961,183.4079,6.101484649,12.14065325,22.91635326,7,38.41597063,293.0019926,41.47859595
4861374986,2/27/2021 19:07,4432,21.34,3882,13.10000038,5.497784615,88.10309601,88.10310364,94.08109283,407.2234497,7,124,HARD,2021-02-27 19:07:48+00:00,2021-02-27 20:20:58+00:00,3987,8,4391,3987,13.28563588,380.2679,380.2679,760.5358,12.00236033,14.31206935,29.18303717,7,98.87150098,554.6074538,133.4862815
4880365656,3/2/2021 22:48,2650,11.26,2305,13.89999962,4.886073589,53.02535629,52.52539825,98.87245178,254.1097412,6,60,NORMAL,2021-03-02 22:48:02+00:00,2021-03-02 23:31:42+00:00,2373,10,2621,2373,7.009468176,237.5444,235.9039,473.4483,10.6431761,14.96047033,31.22722699,7,95.36087104,776.6076427,123.1985302
4959281939,3/16/2021 22:04,6271,18.58,4019,10,4.625255108,74.0812149,73.08119965,93.2631073,417.9291992,,,,2021-03-16 22:04:42+00:00,2021-03-16 23:49:11+00:00,4146,19,6270,4146,11.6233277,333.6777,330.3967,664.0744,10.1016887,14.41844109,22.30393365,7,81.90199364,882.5389498,121.5030524
4975031593,3/19/2021 22:31,2708,8.84,2119,9.800000191,4.17437458,9.100000381,9.100000381,88.02407074,207.9732208,5,38,NORMAL,2021-03-19 22:31:05+00:00,2021-03-19 23:14:08+00:00,2195,8,2584,2195,5.512413953,76.4473,76.4473,152.8946,9.060550783,15.417696,21.85606737,7,74.9579151,349.2529936,57.07626729
4987066590,3/21/2021 18:33,1212,5.48,1016,9.899999619,5.400393486,13.95375919,26.55380058,93.66413879,106.1064377,,,,2021-03-21 18:33:03+00:00,2021-03-21 18:52:31+00:00,1053,5,1169,1053,3.418079464,71.1977,112.5383,183.736,11.69618245,16.18007351,22.15103077,7,96.4510842,631.2003864,
4993197209,3/22/2021 21:53,3110,15.09,2653,10.39999962,5.690953732,32.86238098,38.46239853,114.8127747,339.6277466,6,70,NORMAL,2021-03-22 21:53:41+00:00,2021-03-22 22:45:30+00:00,2741,13,3110,2741,9.413334621,197.1881,215.5617,412.7498,12.38353587,16.4299606,23.53630675,7,113.9157024,649.79659,153.4640507
5021533982,3/27/2021 14:43,18816,43.7,11645,17.29999924,3.752889633,129.9410248,149.141037,100.1091766,1299.835083,,,,2021-03-27 14:43:28+00:00,2021-03-27 19:55:54+00:00,12172,89,18747,12172,27.36415684,669.324,732.3192,1401.6432,8.103073083,15.12965794,39.75369924,8,67.3621158,1610.851263,128.4204586
5022261676,3/27/2021 21:25,7670,37.01,6408,19.79999924,5.776295185,125.3411865,107.0411835,108.807312,777.4195557,8,275,HARD,2021-03-27 21:25:48+00:00,2021-03-27 23:33:33+00:00,6520,20,7666,6520,22.8486709,668.3397,608.2974,1276.6371,12.62544367,15.82440225,79.87291329,8,135.134112,12585.82695,276.0913333
5057015743,4/2/2021 16:17,5072,11.43,3383,9.300000191,3.379751682,26.43333244,25.93330002,84.49533081,318.7200623,7,108,HARD,2021-04-02 16:17:27+00:00,2021-04-02 17:41:45+00:00,3426,29,5059,3426,7.102360717,153.5508,151.9103,305.4611,7.486786664,14.62367696,20.91851023,8,59.93977896,439.6678945,47.00752925
5070122440,4/4/2021 15:34,15412,46.7,9459,12.5,4.93727684,198.0679321,197.6679993,96.48961639,1017.65509,6,249,NORMAL,2021-04-04 15:34:40+00:00,2021-04-04 19:49:35+00:00,9669,37,15296,9669,29.13634078,1035.4836,1034.1712,2069.6548,10.86057086,14.24454552,28.06123675,8,92.19316376,1061.590683,127.5065149
5082384851,4/6/2021 21:25,12569,35.61,8076,26.29999924,4.410450935,174.1597137,125.8600006,192.5673523,1734.015747,2,38,EASY,2021-04-06 21:25:32+00:00,2021-04-07 00:53:09+00:00,8434,65,12458,8434,22.26011348,738.5531,580.0808,1318.6339,9.522130714,18.49710898,58.71744425,8,221.0918781,5301.469052,1245.684343
5093418943,4/8/2021 21:31,5265,15.78,4174,9.5,3.782654524,45.65243912,45.85243988,80.18539429,373.1836243,,,,2021-04-08 21:31:20+00:00,2021-04-08 22:58:13+00:00,4374,19,5214,4374,9.927525123,215.5617,216.2179,431.7796,8.180009495,12.63254657,20.50282249,8,56.76546924,395.5875533,94.7068646
5099134640,4/9/2021 23:22,6945,34.11,6301,13.60000038,5.414680004,134.3451233,134.3450012,96.57897186,678.5268555,6,166,NORMAL,2021-04-09 23:22:53+00:00,2021-04-10 01:16:32+00:00,6385,14,6820,6385,21.24348896,652.919,652.919,1305.838,11.98004188,14.31978683,30.29551484,8,99.04479219,886.0180125,127.2741186
5161949989,4/20/2021 14:38,11775,37.26,9088,16.29999924,4.100803375,62.13041687,62.13041687,76.93447113,779.5861816,6,239,NORMAL,2021-04-20 14:38:06+00:00,2021-04-20 17:54:09+00:00,9349,36,11764,9349,23.20673013,400.9382,400.9382,801.8764,8.954820524,12.38577644,46.39443544,8,59.84404341,2612.40875,85.18988148
5193031079,4/25/2021 18:42,7563,11.38,3553,10.10000038,3.204897165,13.22444439,13.22439957,78.9634552,312.8214111,,,,2021-04-25 18:42:47+00:00,2021-04-25 20:44:33+00:00,3649,32,7307,3649,7.063097559,104.6639,104.6639,209.3278,6.991702686,14.80528055,22.30366988,8,54.75028721,371.8496068,63.17025387
5198305923,4/26/2021 20:58,898,3.88,747,12.69999981,5.198795319,34.99523926,32.39519882,122.8008881,102.2815704,,,,2021-04-26 20:58:29+00:00,2021-04-26 21:13:21+00:00,763,5,893,763,2.412125444,136.8177,128.2871,265.1048,11.40459132,14.92980765,28.41862671,8,125.9812284,583.1748131,
5198411144,4/26/2021 22:18,780,4.21,744,10,5.658333302,6.920000076,0.519999981,120.7689743,100.1851349,,,,2021-04-26 22:18:34+00:00,2021-04-26 22:31:33+00:00,748,2,780,748,2.6318509,46.9183,25.9199,72.8382,12.6736504,16.07024885,22.23655439,8,122.9576885,391.8411469,
5198781258,4/26/2021 23:19,3110,9.65,2765,10.30000019,3.490198851,61.82807922,56.02807617,90.08818817,277.739624,7,88,HARD,2021-04-26 23:19:22+00:00,2021-04-27 00:11:12+00:00,2837,8,3111,2837,6.010280105,352.0513,333.0215,685.0728,7.633139888,10.54162261,23.04364251,8,57.15992745,879.9774954,56.66537842
5204597211,4/27/2021 22:09,3618,4.86,2612,9.399999619,1.86052835,12.99303913,13.49303913,82.1359787,239.2111816,7,83,HARD,2021-04-27 22:09:31+00:00,2021-04-27 23:09:46+00:00,2734,26,3616,2734,3.008682627,161.4252,163.0657,324.4909,3.980260333,8.666224415,21.00642123,8,21.55100803,519.0055979,29.88082219
5276028678,5/10/2021 21:41,9273,39.5,7774,11.39999962,5.08173418,174.8663177,174.8659973,95.41877747,827.0911255,7,248,HARD,2021-05-10 21:41:23+00:00,2021-05-11 00:15:54+00:00,8005,23,9272,8005,24.60367834,755.9424,755.9424,1511.8848,11.07232899,14.33670906,27.64192021,8,92.68823593,1348.35217,133.5532505
5281430439,5/11/2021 22:15,2830,12.72,2402,10.89999962,5.295628548,42.99197006,42.99200058,92.63687897,248.1029205,6,63,NORMAL,2021-05-11 22:15:29+00:00,2021-05-11 23:01:26+00:00,2464,9,2758,2464,7.916663128,199.4848,199.4848,398.9696,11.57849289,14.48731345,24.43811583,8,94.82365756,800.035287,
5293004652,5/13/2021 23:44,2951,17.85,2864,9.600000381,6.234008312,53.27724457,52.47719955,103.4681778,330.4105835,5,51,NORMAL,2021-05-13 23:44:39+00:00,2021-05-14 00:33:44+00:00,2884,2,2946,2884,11.12207664,264.4486,261.8238,526.2724,13.88979403,15.14808632,21.83967822,8,118.4485816,602.6717957,143.5752824
5297308458,5/14/2021 18:30,5448,9.38,1509,11.60000038,6.22160387,30.84444427,30.84440041,120.4187775,202.6091766,5,27,NORMAL,2021-05-14 18:30:25+00:00,2021-05-14 20:01:08+00:00,1538,5,5444,1538,5.850509613,137.4739,137.4739,274.9478,13.7131237,16.72858866,25.8868862,8,134.5828982,455.8187702,150.1598381
5303113563,5/15/2021 16:27,12589,36.11,9009,12.30000019,4.009101868,133.6770325,133.5769958,98.04356384,984.8513794,7,287,HARD,2021-05-15 16:27:38+00:00,2021-05-15 19:57:26+00:00,9268,66,12589,9268,22.66763867,689.6662,689.3381,1379.0043,8.831293023,14.76049501,45.69238599,8,73.46510415,2305.407396,137.5809513
5309967633,5/16/2021 21:01,8081,21.56,6328,11.89999962,3.40775919,57.36696243,57.16699982,90.29849243,637.1209106,5,114,NORMAL,2021-05-16 21:01:08+00:00,2021-05-16 23:15:45+00:00,6484,25,8078,6484,13.60191721,285.1189,284.4627,569.5816,7.5651755,14.03508172,33.20042413,8,55.34754472,1114.304306,85.68757533
5331524115,5/20/2021 21:01,9346,12.01,3425,9.100000381,3.50709486,33.51892471,33.51892471,97.49938965,372.3379822,3,28,EASY,2021-05-20 21:01:56+00:00,2021-05-20 23:35:26+00:00,3522,25,9211,3522,7.499077931,183.4079,183.4079,366.8158,7.682416985,14.26732345,19.59208768,9,58.80282638,395.6511096,91.40374556
5333556405,5/21/2021 12:03,1681,3.29,1204,10.30000019,2.73438549,10.28666687,9.686666489,112.4093857,150.9051056,3,10,EASY,2021-05-21 12:03:17+00:00,2021-05-21 12:27:42+00:00,1212,7,1466,1212,2.113146924,58.0737,56.1051,114.1788,6.292099591,14.32632996,22.95110198,9,51.3503181,590.2887612,51.86240002
5335849495,5/21/2021 21:25,3172,11.2,2763,9.5,4.056134701,26.68333244,26.68333244,77.02991486,237.3095245,5,49,NORMAL,2021-05-21 21:25:14+00:00,2021-05-21 22:17:45+00:00,2918,10,3152,2918,6.95168993,130.5838,130.5838,261.1676,8.593058392,13.91423019,21.22471748,9,63.23443804,318.1203561,81.48540381
5341603813,5/22/2021 21:28,7407,17.37,5254,9.100000381,3.307365894,73.2827301,72.88272858,90.42360687,529.72052,5,94,NORMAL,2021-05-22 21:28:18+00:00,2021-05-22 23:31:31+00:00,5421,27,7394,5421,10.96050558,353.3637,352.0513,705.415,7.288647615,13.32895189,20.38182012,9,53.78608223,708.3250329,104.9539039
5357216573,5/25/2021 18:07,3355,11.42,2391,12.19999981,4.7797575,26.22461128,25.22461128,112.339592,299.4934082,6,63,NORMAL,2021-05-25 18:07:46+00:00,2021-05-25 19:02:05+00:00,2440,13,3260,2440,7.133997266,152.2384,148.9574,301.1958,10.5603642,15.64657051,31.80595708,9,99.10366928,819.2941,107.0057105
5414000885,6/4/2021 20:11,4293,10.03,2573,10.10000038,3.899261475,11.46380997,11.46380997,83.87054443,240.6157837,,,,2021-06-04 20:11:20+00:00,2021-06-04 21:20:48+00:00,2655,23,4169,2655,6.213616983,89.2432,89.2432,178.4864,8.446776911,14.97286715,21.1273958,9,65.6398547,255.6705556,71.51368681
5431902277,6/7/2021 21:51,4305,14.58,3473,9.399999619,4.198589325,64.78809357,64.08809662,94.04241943,364.1693726,6,91,NORMAL,2021-06-07 21:51:46+00:00,2021-06-07 23:03:16+00:00,3608,13,4291,3608,9.148149886,285.1189,282.8222,567.9411,9.141778731,13.95559727,21.04976878,9,72.42101748,878.3417374,95.38186264
5443947412,6/9/2021 23:38,5540,25.35,4566,12.30000019,5.552365303,90.40156555,90.40156555,107.6077576,547.8407593,7,145,HARD,2021-06-09 23:38:53+00:00,2021-06-10 01:10:19+00:00,4707,18,5487,4707,15.78114065,396.6729,396.6729,793.3458,12.08474263,15.60096556,27.391237,9,110.9492615,688.6829117,136.2657024
5502826534,6/20/2021 16:59,6500,12.35,4037,9,3.059400558,24.52000427,24.12000465,61.30057907,275.9295349,,,,2021-06-20 16:59:30+00:00,2021-06-20 18:47:48+00:00,4115,26,6499,4115,7.699330944,144.6921,143.3797,288.0718,6.754621833,9.464441071,20.51251264,9,32.63253612,222.8729093,51.45634363
5513440238,6/22/2021 21:01,3475,17.28,3050,9.899999619,5.667245865,74.39674377,63.59674454,105.0409088,357.217865,7,97,HARD,2021-06-22 21:01:27+00:00,2021-06-22 21:59:22+00:00,3075,10,3476,3075,10.75815011,349.0984,313.6636,662.762,12.60963371,15.08823837,25.26588331,9,113.1020693,870.9050428,134.8431559
5513980321,6/22/2021 23:44,3237,17.08,2867,13.69999981,5.959295273,58.82523727,69.42523956,97.34255981,311.1754456,6,75,NORMAL,2021-06-22 23:44:03+00:00,2021-06-23 00:36:06+00:00,2898,7,3124,2898,10.56431387,302.5082,337.2868,639.795,13.13965405,14.79542057,47.67923271,9,112.0915804,2743.149105,133.3127114
5580502904,7/5/2021 15:35,11919,17.65,5974,9.5,2.955641031,74.44940186,74.44940186,86.80523682,578.2105713,5,107,NORMAL,2021-07-05 15:35:24+00:00,2021-07-05 18:54:03+00:00,6309,61,11920,6309,11.11451489,352.3794,352.3794,704.7588,6.363818991,13.76979645,22.03405233,9,47.46133049,798.946097,103.4920896
5584311964,7/6/2021 14:10,795,4.66,746,9.899999619,6.254959583,6.327777863,24.02777863,83.92539215,69.80830383,5,13,NORMAL,2021-07-06 14:10:33+00:00,2021-07-06 14:23:24+00:00,755,2,772,755,2.906119347,41.0125,99.0862,140.0987,13.91973853,15.64565722,22.41289569,9,100.8393473,299.0780612,
5584796627,7/6/2021 15:54,955,4.65,852,9.5,5.460093975,24,6.800000191,124.2059631,117.993187,5,15,NORMAL,2021-07-06 15:54:20+00:00,2021-07-06 16:10:07+00:00,869,3,948,869,2.910789487,96.1333,39.7001,135.8334,12.06810628,15.54412164,21.41057991,9,122.1606378,351.4862112,
5626280101,7/14/2021 12:50,3903,11.88,2917,9.399999619,4.072334766,31.34000015,31.34000015,96.34021759,313.3422241,5,52,NORMAL,2021-07-14 12:50:28+00:00,2021-07-14 13:54:55+00:00,3004,18,3868,3004,7.440821359,171.9244,171.9244,343.8488,8.928756584,14.74043445,20.97776727,9,73.58335205,375.8166571,74.11071984
5643301879,7/17/2021 16:55,6573,26.16,5503,10.89999962,4.755242825,135.8461151,135.3461151,84.89286041,520.8894043,5,99,NORMAL,2021-07-17 16:55:32+00:00,2021-07-17 18:43:28+00:00,5538,17,6477,5538,16.26032515,658.4967,656.8562,1315.3529,10.57729005,13.70417452,46.00598766,10,90.16253131,2142.048086,120.5624599
5647057221,7/18/2021 12:18,1468,7.28,1359,8.800000191,5.361221313,38.76666641,33.06666565,99.42881775,150.6629944,4,15,EASY,2021-07-18 12:18:56+00:00,2021-07-18 12:42:23+00:00,1326,3,1408,1326,4.541820174,152.5665,133.8648,286.4313,12.33321481,14.55021172,20.68174755,10,106.6861191,396.1784166,116.7876157
5647427819,7/18/2021 12:59,2786,8.78,1898,11.5,4.629030704,33.15000153,38.84999847,97.09888458,205.4874573,5,34,NORMAL,2021-07-18 12:59:53+00:00,2021-07-18 13:45:57+00:00,1928,15,2765,1928,5.460912365,158.4723,177.174,335.6463,10.22461608,15.37976863,25.70758571,10,94.77455287,934.7387065,
5657666349,7/20/2021 11:57,5832,12.63,3615,13.10000038,3.493692875,44.6730957,43.6730957,98.67758179,397.7421875,5,65,NORMAL,2021-07-20 11:57:27+00:00,2021-07-20 13:34:18+00:00,3731,30,5812,3731,7.869580628,223.7642,220.4832,444.2474,7.602843133,14.26106914,29.19385192,10,64.17695806,897.3992528,122.0077537
5684686898,7/25/2021 12:57,770,2.35,636,7.599999905,3.69449687,2.796296358,1.996296287,75.99333191,53.88991165,,,,2021-07-25 12:57:05+00:00,2021-07-25 13:07:32+00:00,628,1,628,628,1.482538316,29.8571,27.2323,57.0894,8.499359056,14.23475932,16.95494878,10,64.72860115,203.3323712,
5696492733,7/27/2021 17:07,2201,3.76,1220,10.60000038,3.083688498,6.688333511,7.08833313,97.74102783,132.9571228,,,,2021-07-27 17:07:25+00:00,2021-07-27 17:44:04+00:00,1308,16,2200,1308,2.355121747,56.4332,57.7456,114.1788,6.51481103,15.8845196,23.70074216,10,59.23521077,384.4696926,
5698018769,7/27/2021 23:01,1880,9.16,1743,11.80000019,5.258978844,40.95833206,35.15833282,110.5379181,214.8243561,,,,2021-07-27 23:01:26+00:00,2021-07-27 23:32:45+00:00,1786,5,1880,1786,5.708394792,181.4393,162.4095,343.8488,11.51862869,15.35398499,26.23286777,10,109.022619,460.6986695,126.7108416
5698211851,7/27/2021 23:59,1919,7.79,1509,12.19999981,5.168058395,33.25749969,39.75749969,110.286171,185.5603333,,,,2021-07-27 23:59:11+00:00,2021-07-28 00:31:08+00:00,1563,9,1918,1563,4.848952279,148.6293,169.9558,318.5851,11.20121586,15.59000434,26.99380596,10,102.2313366,1021.064542,
5721992926,8/1/2021 13:32,6299,18.95,4153,9.899999619,4.563110828,72.3171463,72.3171463,91.9487381,425.7773743,5,74,NORMAL,2021-08-01 13:32:37+00:00,2021-08-01 15:16:10+00:00,4225,17,6214,4225,11.81300931,335.9744,335.9744,671.9488,10.07568008,14.06221036,21.86121739,10,79.8360791,763.49656,113.1428108
5734625105,8/3/2021 21:21,4260,14.4,2604,11.69999981,5.529800415,72.07976532,72.07976532,105.7729263,307.1074524,8,112,HARD,2021-08-03 21:21:18+00:00,2021-08-03 22:32:16+00:00,2686,15,4259,2686,8.942218538,294.6338,294.6338,589.2676,11.99818363,15.57194391,24.50774054,10,111.0491026,583.574984,
5738268973,8/4/2021 15:41,1430,7.5,1383,9,5.428995132,30.77388954,30.07388878,82.37187958,127.0211487,,,,2021-08-04 15:41:56+00:00,2021-08-04 16:05:14+00:00,1384,2,1399,1384,4.671996484,125.9904,123.6937,249.6841,12.15925587,12.98789636,19.99797963,10,86.93872761,425.2092745,94.21219354
5744211917,8/5/2021 16:32,4163,11.2,3085,11.69999981,3.632674217,32.69729614,32.69729614,104.8058701,360.5086365,6,81,NORMAL,2021-08-05 16:32:02+00:00,2021-08-05 17:41:25+00:00,3195,22,4164,3195,7.055415167,169.6277,169.6277,339.2554,7.96526436,14.77595163,26.13804086,10,67.2398807,466.7725979,
5750241138,8/6/2021 22:02,3604,17.25,3055,13.10000038,5.646906853,73.56345367,62.46345139,110.8647614,377.6414185,,,,2021-08-06 22:02:40+00:00,2021-08-06 23:02:03+00:00,3138,8,3564,3138,10.76492496,358.9414,322.5223,681.4637,12.35756276,15.59895607,28.95302371,10,116.7647009,941.4783026,149.015322
5750871836,8/7/2021 2:17,3117,16.99,2902,12.5,5.856478214,59.28662491,69.08662415,93.24678802,301.7214355,6,76,NORMAL,2021-08-07 02:17:42+00:00,2021-08-07 03:09:39+00:00,2934,6,3118,2934,10.57583726,306.7735,338.9273,645.7008,13.025397,14.5298213,59.99190859,10,109.5181691,5647.777715,134.2835561
5770318350,8/10/2021 16:17,1881,9.6,1523,10.89999962,6.302954674,31.50052834,31.50052834,113.4512177,192.6566162,6,40,NORMAL,2021-08-10 16:17:07+00:00,2021-08-10 16:47:48+00:00,1545,5,1842,1545,5.9759222,140.4268,140.4268,280.8536,13.93954107,16.16117233,24.07379106,10,129.7616712,483.3578672,145.8003878
5799053437,8/15/2021 17:40,8891,17.92,5081,9.899999619,3.527711153,29.97412872,30.0741291,73.36253357,415.6218567,,,,2021-08-15 17:40:43+00:00,2021-08-15 20:08:47+00:00,5222,26,8885,5222,11.08722949,201.4534,201.7815,403.2349,7.655332902,11.4267317,48.33871358,10,47.23027995,2908.535869,73.43025482
5804747385,8/16/2021 22:55,8164,21.95,5212,11.39999962,4.212893486,64.10915375,63.50915146,107.137886,622.6189575,6,137,NORMAL,2021-08-16 22:55:44+00:00,2021-08-17 01:11:12+00:00,5410,38,8129,5410,13.76485666,324.4909,322.5223,647.0132,9.176605707,15.06595901,28.34519819,10,78.43972175,568.6111574,
5821280543,8/19/2021 23:26,8684,34.33,5935,14.89999962,5.784313202,136.5603943,136.5603943,80.14440918,530.357605,,,,2021-08-19 23:26:59+00:00,2021-08-20 01:51:10+00:00,6017,12,8652,6017,21.338019,660.1372,660.1372,1320.2744,12.77579187,14.83662612,30.52155231,10,110.2319373,984.4925542,141.9402447
5825835473,8/20/2021 21:46,7622,13.07,4465,10.19999981,2.928465843,46.97000122,46.86999893,94.62927246,471.1094666,5,80,NORMAL,2021-08-20 21:46:33+00:00,2021-08-20 23:52:33+00:00,4652,41,7561,4652,8.243395288,252.9651,252.637,505.6021,6.423143718,14.2714955,59.74263952,10,55.10698623,5393.221583,99.28541582
5896380241,9/2/2021 22:18,10742,33.1,6200,14,5.339435577,83.9733429,83.9733429,109.7780533,758.8956909,7,198,HARD,2021-09-02 22:18:21+00:00,2021-09-03 01:17:23+00:00,6339,20,10743,6339,20.64958923,422.2647,422.2647,844.5294,11.73351965,15.34504475,31.0161378,10,104.3620132,848.5629789,149.0208869
5934761228,9/9/2021 23:07,3551,19.52,3346,9.899999619,5.833801746,70.87809753,70.87809753,95.72148895,357.1167908,5,60,NORMAL,2021-09-09 23:07:25+00:00,2021-09-10 00:06:13+00:00,3379,5,3529,3379,12.15141441,311.0388,311.0388,622.0776,12.95010357,14.5535584,21.90862774,11,105.600472,503.3198509,136.6585585
5967161006,9/15/2021 23:39,1673,10.58,1487,15.69999981,7.119905949,34.34190369,34.14190292,114.976593,190.6317749,10,90,HARD,2021-09-15 23:39:55+00:00,2021-09-16 00:07:47+00:00,1494,3,1673,1494,6.588682809,133.5367,132.8805,266.4172,15.88460002,17.26712906,58.95743806,11,173.6471294,3731.611337,185.5518283
5976929584,9/17/2021 23:26,2734,15.63,2581,12.39999962,6.055792332,36.28526306,35.88526535,94.33876038,271.489502,5,46,NORMAL,2021-09-17 23:26:51+00:00,2021-09-18 00:12:17+00:00,2587,5,2727,2587,9.551808577,195.8757,194.5633,390.439,13.30806067,14.69621772,51.2718549,11,112.3837389,3420.543692,101.186079
5990296028,9/20/2021 11:41,2134,11.95,1985,11.19999981,6.02171278,51.46607208,35.26607132,113.9236298,252.1443176,8,85,HARD,2021-09-20 11:41:28+00:00,2021-09-20 12:17:01+00:00,2013,4,2134,2013,7.445935707,201.7815,148.6293,350.4108,13.36336435,15.7232314,32.97161158,11,129.7810229,1067.198334,136.5508655
5995495283,9/21/2021 12:04,1986,11.45,1875,10.10000038,6.108960152,20.58640671,49.38640594,100.2841415,209.6565399,,,,2021-09-21 12:04:31+00:00,2021-09-21 12:37:34+00:00,1886,3,1984,1886,7.064666991,100.3986,194.8914,295.29,13.52108879,15.86481176,24.99179107,11,117.1597359,765.1254103,137.3367613
6009072937,9/23/2021 20:37,11335,41.05,6524,12.69999981,6.292259216,89.42992401,89.42992401,112.7363281,820.0733643,,,,2021-09-23 20:37:00+00:00,2021-09-23 23:45:53+00:00,6530,5,11334,6530,25.49138473,393.0638,393.0638,786.1276,14.0577074,16.15827706,29.71999688,11,130.8875818,633.4750423,160.755731
6019329849,9/25/2021 19:53,12841,13.21,2586,10.39999962,5.110750198,32.84818268,63.44818115,100.6642761,290.254364,5,46,NORMAL,2021-09-25 19:53:16+00:00,2021-09-25 23:27:08+00:00,2571,11,12833,2571,7.899434265,150.5979,250.9965,401.5944,11.07779584,14.85719553,22.77367486,11,90.24728647,478.3929539,109.5653552
6035300212,9/28/2021 22:42,3323,12.42,2875,11.60000038,4.321530342,50.74341965,50.74341965,106.8576889,342.5456848,6,75,NORMAL,2021-09-28 22:42:38+00:00,2021-09-28 23:37:10+00:00,2980,8,3273,2980,7.835612047,203.7501,203.7501,407.5002,9.473062232,15.36738168,33.83431488,11,87.94329463,885.0161068,113.1377571
6040356169,9/29/2021 22:27,4378,18.28,4290,14.39999962,4.262937069,147.4461975,147.4461975,109.9486237,525.9227295,7,137,HARD,2021-09-29 22:27:22+00:00,2021-09-29 23:40:21+00:00,4291,3,4380,4291,11.45458191,562.0353,562.0353,1124.0706,9.610501682,13.73648051,31.94085593,11,89.92757606,846.295247,109.9521546
6089390730,10/9/2021 19:20,11216,54.41,9110,16.39999962,5.973150253,123.4830704,80.48307037,106.7440109,1084.268311,7,291,HARD,2021-10-09 19:20:10+00:00,2021-10-09 22:27:06+00:00,9143,24,11217,9143,33.73258689,563.6758,422.5928,986.2686,13.29758233,15.05089902,36.40076512,11,120.3525145,1292.19833,183.7205
6089991637,10/10/2021 1:44,3192,21.97,3042,14.89999962,7.224621773,21.19666672,95.49666595,118.2158508,400.9680786,8,130,HARD,2021-10-10 01:44:16+00:00,2021-10-10 02:37:27+00:00,3040,4,3192,3040,13.11287457,122.0532,365.8315,487.8847,15.5294733,17.69897539,95.72554945,11,175.7016285,21780.77029,232.8333138
6099719828,10/11/2021 22:18,5772,35.19,5534,13.10000038,6.3595047,51.92367935,81.42368317,105.7405853,652.4627686,6,146,NORMAL,2021-10-11 22:18:04+00:00,2021-10-11 23:54:11+00:00,5566,8,5768,5566,21.68242845,244.1064,340.8959,585.0023,14.029101,16.22928903,23.61834047,11,125.8230412,341.9372959,156.468369
6109287368,10/13/2021 21:32,3205,15.99,2785,12,5.744631767,63.56519318,63.56519318,122.6085663,380.7333069,6,73,NORMAL,2021-10-13 21:32:11+00:00,2021-10-13 22:25:12+00:00,2808,12,3182,2808,9.6342662,326.1314,326.1314,652.2628,12.36740026,16.52883709,28.11444014,11,130.0610881,820.9110893,153.1778182
6114432363,10/14/2021 21:23,11794,55.71,10245,15.80000019,5.438594341,375.4645996,397.3649902,117.3909149,1340.977905,8,441,HARD,2021-10-14 21:23:13+00:00,2021-10-15 00:39:33+00:00,10410,23,11781,10410,34.70426146,1352.7563,1424.6102,2777.3665,12.01348803,15.55539683,50.49541062,11,117.0840373,3354.036989,169.0207949
6114600993,10/15/2021 1:35,975,5.42,925,10.69999981,5.866378307,11.34107113,16.64109993,97.17995453,100.2290192,7,29,HARD,2021-10-15 01:35:52+00:00,2021-10-15 01:51:59+00:00,929,3,968,929,3.38306048,45.934,63.3233,109.2573,13.14183528,14.9785093,23.67701073,11,100.6627253,401.8842612,
6122707646,10/16/2021 16:38,5172,12.2,4221,8.899999619,2.892418861,64.01447296,64.01447296,86.1829071,405.6125183,,,,2021-10-16 16:38:27+00:00,2021-10-16 18:04:35+00:00,4344,16,5169,4344,7.704228918,251.6527,251.6527,503.3054,6.392338141,11.59012912,19.62336895,11,44.26297255,826.3565593,71.2599396
6133278115,10/18/2021 20:29,5174,16.13,3882,11.5,4.155074596,64.06095123,64.06095123,86.66514587,375.1240234,4,43,EASY,2021-10-18 20:29:13+00:00,2021-10-18 21:54:35+00:00,3967,16,5123,3967,10.06961981,295.29,295.29,590.58,9.142639284,13.29070042,25.7176336,11,72.04672786,775.4972616,
6171054343,10/26/2021 20:07,2649,15.47,2468,18.29286385,6.270530701,44.33955002,59.93954849,102.4842377,282.0181885,6,65,NORMAL,2021-10-26 20:07:32+00:00,2021-10-26 20:51:41+00:00,2469,5,2650,2469,9.623754929,234.9196,286.1032,521.0228,14.04213545,15.83584553,44.82423982,11,133.5292882,2134.399745,158.2415664
6431301254,12/26/2021 18:53,10818,41.2,10007,10.39179707,4.117877483,87.30950165,87.30950165,87.11764526,972.041687,7,319,HARD,2021-12-26 18:53:24+00:00,2021-12-26 21:52:03+00:00,10122,14,10720,10122,25.83518635,395.3605,395.3605,790.721,9.190626639,12.67163874,22.06805663,12,60.66764654,864.3636467,92.15423496
6447072083,12/30/2021 14:28,2726,9.49,2330,10.56406212,4.076222897,76.62241364,73.82240295,94.77965546,246.2329254,,,,2021-12-30 14:28:32+00:00,2021-12-30 15:13:37+00:00,2392,10,2706,2392,5.927735476,281.1817,271.9949,553.1766,8.937681907,13.02064503,23.58041546,12,79.91682599,590.6328665,108.2897232
6448429957,12/30/2021 20:00,2157,9.39,1895,12.93798828,4.95853281,74.63788605,77.337883,118.1591949,249.6615143,5,34,NORMAL,2021-12-30 20:00:39+00:00,2021-12-30 20:35:44+00:00,1934,3,2106,1934,5.877160248,269.042,277.9007,546.9427,10.94424256,15.46634423,28.72279544,12,103.3833253,593.8578534,141.3577579
